http://ontology.inrae.fr/bsv/html/Corpus/Alea/html/05bsv_jevi_20190502_cle8f22b6.html;http://ephytia.inra.fr/fr/C/20539/Agiir-Signaler-la-punaise-diabolique
http://ontology.inrae.fr/bsv/html/Corpus/Alea/html/119_BSV_Charentes_2015-07-28_cle88a1b6.html;http://draaf.poitou-charentes.agriculture.gouv.fr/1-18-Flavescence-doree-lutte
http://ontology.inrae.fr/bsv/html/Corpus/Alea/html/2015-05-28_BSV_Grandes_Cultures_01_cle8ba414.html;http://www.champagrica.fr/agriculture-durable/bulletins-de-sante-du-vegetal.html;http://www.draaf.champagne-ardenne.agriculture.gouv.fr/Bulletin-de-Sante-du-Vegetal-BSV;http://www.infloweb.fr
http://ontology.inrae.fr/bsv/html/Corpus/Alea/html/2017_BSV_manche_10_sem21_cle8d2aee.html;https://goo.gl/forms/rgimV59E8hzgC1H82
http://ontology.inrae.fr/bsv/html/Corpus/Alea/html/20190403_LOR_BSV_Grandes_Cultures_cle8ff1e5.html;http://itsap.asso.fr
http://ontology.inrae.fr/bsv/html/Corpus/Alea/html/20190403_LOR_BSV_Grandes_Cultures_cle8ff1e5.html;http://www.grandest.chambre-agriculture.fr/productions-agricoles/ecophyto/bulletins-de-sante-du-vegetal/
http://ontology.inrae.fr/bsv/html/Corpus/Alea/html/20190403_LOR_BSV_Grandes_Cultures_cle8ff1e5.html;http://draaf.grand-est.agriculture.gouv.fr/Surveillance-des-organismes
http://ontology.inrae.fr/bsv/html/Corpus/Alea/html/20190403_LOR_BSV_Grandes_Cultures_cle8ff1e5.html;http://www.infloweb.fr
http://ontology.inrae.fr/bsv/html/Corpus/Alea/html/20190403_LOR_BSV_Grandes_Cultures_cle8ff1e5.html;http://www.grandest.chambre-agriculture.fr/productions-agricoles/ecophyto/bulletins-de-sante-du-vegetal/abonnez-vous-gratuitement-a-nos-bsv/
http://ontology.inrae.fr/bsv/html/Corpus/Alea/html/BSV971_BanCas_N04_cle08e5ae.html;http://e-phy.agriculture.gouv.fr/
http://ontology.inrae.fr/bsv/html/Corpus/Alea/html/BSV971_CulturesVivrieres-Bilan2018_cle81e161.html;http://daaf971.agriculture.gouv.fr/Bulletin-de-Sante-du-Vegetal
http://ontology.inrae.fr/bsv/html/Corpus/Alea/html/BSV_5_VF_cle84611d.html;http://www.ecophytopic.fr/tr/méthodes-de-lutte/biocontrôle
http://ontology.inrae.fr/bsv/html/Corpus/Alea/html/BSV_5_VF_cle84611d.html;http://itsap.asso.fr
http://ontology.inrae.fr/bsv/html/Corpus/Alea/html/BSV_5_VF_cle84611d.html;http://www.ecophytopic.fr/tr/méthodes-de-lutte/biocontrôle
http://ontology.inrae.fr/bsv/html/Corpus/Alea/html/BSV_5_VF_cle84611d.html;http://www.ecophytopic.fr/tr/méthodes-de-lutte/biocontrôle
http://ontology.inrae.fr/bsv/html/Corpus/Alea/html/BSV_5_VF_cle84611d.html;http://www.ecophytopic.fr/tr/méthodes-de-lutte/biocontrôle
http://ontology.inrae.fr/bsv/html/Corpus/Alea/html/BSV_5_VF_cle84611d.html;http://www.grandest.chambre-agriculture.fr/productions-agricoles/ecophyto/bulletins-de-sante-du-vegetal/;http://draaf.grand-est.agriculture.gouv.fr/Surveillance-des-organismes
http://ontology.inrae.fr/bsv/html/Corpus/Alea/html/BSV_5_VF_cle84611d.html;http://www.grandest.chambre-agriculture.fr/productions-agricoles/ecophyto/bulletins-de-sante-du-vegetal/abonnez-vous-gratuitement-a-nos-bsv/
http://ontology.inrae.fr/bsv/html/Corpus/Alea/html/BSV_17-VF_cle81c713.html;http://www.grandest.chambre-agriculture.fr/productions-agricoles/ecophyto/bulletins-de-sante-du-vegetal/;http://draaf.grand-est.agriculture.gouv.fr/Surveillance-des-organismes
http://ontology.inrae.fr/bsv/html/Corpus/Alea/html/BSV_17-VF_cle81c713.html;http://www.grandest.chambre-agriculture.fr/productions-agricoles/ecophyto/bulletins-de-sante-du-vegetal/abonnez-vous-gratuitement-a-nos-bsv/
http://ontology.inrae.fr/bsv/html/Corpus/Alea/html/BSV_2019_n14bis_cle0ca71b.html;http://www.grandest.chambre-agriculture.fr/index.php?id=2853502
http://ontology.inrae.fr/bsv/html/Corpus/Alea/html/BSV_2019_n14bis_cle0ca71b.html;http://draaf.grand-est.agriculture.gouv.fr/Surveillance-des-organismes
http://ontology.inrae.fr/bsv/html/Corpus/Alea/html/BSV_2019_n14bis_cle0ca71b.html;http://www.grandest.chambre-agriculture.fr/productions-agricoles/ecophyto/bulletins-de-sante-du-vegetal/
http://ontology.inrae.fr/bsv/html/Corpus/Alea/html/BSV_AF_n19_du_11052017-1_cle84e61b.html;http://arboriculture.ecophytopic.fr/arboriculture
http://ontology.inrae.fr/bsv/html/Corpus/Alea/html/BSV_AF_n34_du_16072019_cle0a1d81.html;http://arboriculture.ecophytopic.fr/arboriculture
http://ontology.inrae.fr/bsv/html/Corpus/Alea/html/BSV_AF_n34_du_16072019_cle0a1d81.html;http://
http://ontology.inrae.fr/bsv/html/Corpus/Alea/html/BSV_Arboriculture-Fruits_transformes__Bretagne-Normandie-Pays_de_la_Loire_no15_du_17-06-2020_cle0d4baf.html;https://normandie.chambres-agriculture.fr/conseils-et-services/preserver-lenvironnement/ecophyto/biocontrole/
http://ontology.inrae.fr/bsv/html/Corpus/Alea/html/BSV_Arboriculture-Fruits_transformes__Bretagne-Normandie-Pays_de_la_Loire_no15_du_17-06-2020_cle0d4baf.html;http://www.ecophytopic.fr/
http://ontology.inrae.fr/bsv/html/Corpus/Alea/html/BSV_Arboriculture_3_24_fevrier_2020-2-2_cle83ae58.html;https://corse.chambres-agriculture.fr/agro-ecologie/ecophyto/bulletins-de-sante-du-vegetal-corses/
http://ontology.inrae.fr/bsv/html/Corpus/Alea/html/BSV_Arboriculture_4_14mars2017_cle063599.html;http://www.cra-corse.fr/no
http://ontology.inrae.fr/bsv/html/Corpus/Alea/html/BSV_Betteraves_du_29_mai_2019_cle8fbfd9.html;http://www.grandest.chambre-agriculture.fr/productions-agricoles/ecophyto/bulletins-de-sante-du-vegetal/
http://ontology.inrae.fr/bsv/html/Corpus/Alea/html/BSV_Betteraves_du_29_mai_2019_cle8fbfd9.html;http://draaf.grand-est.agriculture.gouv.fr/Surveillance-des-organismes
http://ontology.inrae.fr/bsv/html/Corpus/Alea/html/BSV_Betteraves_du_29_mai_2019_cle8fbfd9.html;http://www.infloweb.fr
http://ontology.inrae.fr/bsv/html/Corpus/Alea/html/BSV_Betteraves_du_29_mai_2019_cle8fbfd9.html;http://www.grandest.chambre-agriculture.fr/productions-agricoles/ecophyto/bulletins-de-sante-du-vegetal/abonnez-vous-gratuitement-a-nos-bsv/
http://ontology.inrae.fr/bsv/html/Corpus/Alea/html/BSV_Bilan_Fruits_a_noyau_2018_cle888e1e.html;http://agriculture.gouv.fr/xylella-fastidiosa-une-bacterie-mortelle-pour-200-especes-vegetales;https://shiny-public.anses.fr/Xylella
http://ontology.inrae.fr/bsv/html/Corpus/Alea/html/BSV_Bilan_Fruits_a_noyau_2018_cle888e1e.html;http://ephytia.inra.fr/fr/C/20537/Agiir-Mieux-connaitre-et-declarer-la-punaise-diabolique
http://ontology.inrae.fr/bsv/html/Corpus/Alea/html/BSV_Bilan_Fruits_a_noyau_2018_cle888e1e.html;https://www.gis-fruits.org/Actions-du-GIS/Guide-Ecophyto
http://ontology.inrae.fr/bsv/html/Corpus/Alea/html/BSV_Bilan_Fruits_a_noyau_2018_cle888e1e.html;http://arboriculture.ecophytopic.fr/arboriculture
http://ontology.inrae.fr/bsv/html/Corpus/Alea/html/BSV_Cereales_paille_14_cle09e79d.html;http://www.centre.chambagri.fr/developpement-agricole/bulletin-de-sante-du-vegetal/bsv-adventices.html
http://ontology.inrae.fr/bsv/html/Corpus/Alea/html/BSV_GRANDES_CULTURES_2018_No38_cle0b961f.html;http://www.infloweb.fr
http://ontology.inrae.fr/bsv/html/Corpus/Alea/html/BSV_JEVI_4_24_juillet_2019_cle4fa1b8.html;https://corse.chambres-agriculture.fr/agro-ecologie/bulletins-de-sante-du-vegetal/
http://ontology.inrae.fr/bsv/html/Corpus/Alea/html/BSV_JEVI_4_24_juillet_2019_cle4fa1b8.html;http://draaf.corse.agriculture.gouv.fr/Xylella-fastidiosa
http://ontology.inrae.fr/bsv/html/Corpus/Alea/html/BSV_JEVI_4_24_juillet_2019_cle4fa1b8.html;https://www.anses.fr/fr/system/files/VEG-Fi-XylellaFastidiosa.pdf;http://agriculture.gouv.fr/xylella-fastidiosa-une-bacterie-nuisible-pour-les-vegetaux
http://ontology.inrae.fr/bsv/html/Corpus/Alea/html/BSV_JEVI_4_24_juillet_2019_cle4fa1b8.html;https://corse.chambres-agriculture.fr/agro-ecologie/ecophyto/bulletins-de-sante-du-vegetal-corses/
http://ontology.inrae.fr/bsv/html/Corpus/Alea/html/BSV_Legumes_082019_cle841c8f-1.html;http://www.ecophytopic.fr/tr/r%C3%A9glementation/mise-sur-le-march%C3%A9-des-produits/liste-des-produits-de-biocontr%C3%B4le-note-de-service.
http://ontology.inrae.fr/bsv/html/Corpus/Alea/html/BSV_Legumes_082019_cle841c8f-1.html;https://www6.inra.fr/encyclopedie-pucerons/Especes/Predateurs-insectes/Coleoptera-Cantharidae).
http://ontology.inrae.fr/bsv/html/Corpus/Alea/html/BSV_Legumes_082019_cle841c8f-1.html;http://draaf.pays-de-la-loire.agriculture.gouv.fr/IMG/pdf/
http://ontology.inrae.fr/bsv/html/Corpus/Alea/html/BSV_Legumes_082019_cle841c8f-1.html;cle4451c4.pdf
http://ontology.inrae.fr/bsv/html/Corpus/Alea/html/BSV_NA_GC_AQUITAINE_N09_20190404_cle0279a3.html;http://arena-auximore.fr/wp-content/uploads/2014/12/MELIGETHES;WEB.pdf
http://ontology.inrae.fr/bsv/html/Corpus/Alea/html/BSV_NA_PETITS_FRUITS_05_20190313-1_cle8c1a16.html;https://www6.inra.fr/encyclopedie-pucerons)
http://ontology.inrae.fr/bsv/html/Corpus/Alea/html/BSV_NA_POMMIER_POIRIER_Sud_8_20190404_cle0177e8.html;https://info.agriculture.gouv.fr/gedei/site/bo-agri/instruction-2019-219
http://ontology.inrae.fr/bsv/html/Corpus/Alea/html/BSV_NA_POMMIER_POIRIER_Sud_8_20190404_cle0177e8.html;https://info.agriculture.gouv.fr/gedei/site/bo-agri/instruction-2019-219
http://ontology.inrae.fr/bsv/html/Corpus/Alea/html/BSV_NA_VIGNE_Limousin_18_20180807_cle8eb5f7.html;http://draaf.nouvelle-aquitaine.agriculture.gouv.fr/Flavescence-doree-
http://ontology.inrae.fr/bsv/html/Corpus/Alea/html/BSV_Presentation_du_reseau_2018_cle4a84c9.html;http://draaf.auvergne-rhone-alpes.agriculture.gouv.fr/BSV-Arboriculture-Rhone-Alpes.
http://ontology.inrae.fr/bsv/html/Corpus/Alea/html/BSV_Presentation_du_reseau_2018_cle4a84c9.html;http://arboriculture.ecophytopic.fr/arboriculture
http://ontology.inrae.fr/bsv/html/Corpus/Alea/html/BSV_RA_ARBO_no19du19062018_cle4af8d5-1.html;http://www.ecophytopic.fr/tr/r%C3%A9glementation/mise-sur-le-march%C3%A9-des-produits/liste-des-produits-de-biocontr%C3%B4le-note-de-service
http://ontology.inrae.fr/bsv/html/Corpus/Alea/html/BSV_RA_ARBO_no19du19062018_cle4af8d5-1.html;http://ecophytopic.fr/tr/surveillance/base-abaa/forficule
http://ontology.inrae.fr/bsv/html/Corpus/Alea/html/BSV_RA_ARBO_no19du19062018_cle4af8d5-1.html;http://www.ecophytopic.fr/tr/surveillance/base-abaa/coccinelles;http://www.ecophytopic.fr/tr/surveillance/base-abaa/syrphes;http://www.ecophytopic.fr/tr/surveillance/base-abaa/chrysopes;http://www.ecophytopic.fr/tr/t%C3%A9moignages/pr%C3%A9server-les-auxiliaires-du-verger-pour-limiter-les-applications-insecticides
http://ontology.inrae.fr/bsv/html/Corpus/Alea/html/BSV_RA_ARBO_no19du19062018_cle4af8d5-1.html;http://www.ecophytopic.fr/tr/r%C3%A9glementation/mise-sur-le-march%C3%A9-des-produits/liste-des-produits-de-biocontr%C3%B4le-note-de-service
http://ontology.inrae.fr/bsv/html/Corpus/Alea/html/BSV_RA_ARBO_no19du19062018_cle4af8d5-1.html;http://draaf.auvergne-rhone-alpes.agriculture.gouv.fr/IMG/pdf/Note;cle0ae16d.pdf
http://ontology.inrae.fr/bsv/html/Corpus/Alea/html/BSV_RA_ARBO_no19du19062018_cle4af8d5-1.html;http://www.ecophytopic.fr/tr/r%C3%A9glementation/mise-sur-le-march%C3%A9-des-produits/liste-des-produits-de-biocontr%C3%B4le-note-de-service
http://ontology.inrae.fr/bsv/html/Corpus/Alea/html/BSV_RA_ARBO_no19du19062018_cle4af8d5-1.html;http://ephytia.inra.fr/fr/C/20537/Agiir-Mieux-connaitre-et-declarer-la-punaise-diabolique
http://ontology.inrae.fr/bsv/html/Corpus/Alea/html/BSV_RA_ARBO_no19du19062018_cle4af8d5-1.html;http://arboriculture.ecophytopic.fr/arboriculture
http://ontology.inrae.fr/bsv/html/Corpus/Alea/html/BSV_RA_ARBO_no19du19062018_cle4af8d5-1.html;https://www.anses.fr/fr/system/files/SANTVEG2016SA0065Ra.pdf
http://ontology.inrae.fr/bsv/html/Corpus/Alea/html/BSV_RA_ARBO_no19du19062018_cle4af8d5-1.html;http://www.terresinovia.fr/tournesol/cultiver-du-tournesol/desherbage/ambroisie/
http://ontology.inrae.fr/bsv/html/Corpus/Alea/html/BSV_RA_ARBO_no19du19062018_cle4af8d5-1.html;http://www.arvalis-infos.fr/view-15835-arvarticle.html?region=
http://ontology.inrae.fr/bsv/html/Corpus/Alea/html/BSV_RA_ARBO_no19du19062018_cle4af8d5-1.html;http://www.infloweb.fr/ambroisie-a-feuilles-darmoise
http://ontology.inrae.fr/bsv/html/Corpus/Alea/html/BSV_RA_ARBO_no19du19062018_cle4af8d5-1.html;http://www.terresinovia.fr/ambroisie
http://ontology.inrae.fr/bsv/html/Corpus/Alea/html/BSV_RA_ARBO_no19du19062018_cle4af8d5-1.html;http://www.sante.gouv.fr/une-plante-sous-surveillance-l-ambroisie.html
http://ontology.inrae.fr/bsv/html/Corpus/Alea/html/BSV_arboriculture_25_du_23_05_19_cle077bda.html;https://www.r4p-inra.fr/fr/home/.
http://ontology.inrae.fr/bsv/html/Corpus/Alea/html/BSV_arboriculture_25_du_23_05_19_cle077bda.html;https://info.agriculture.gouv.fr/gedei/site/bo-agri/instruction-2019-144
http://ontology.inrae.fr/bsv/html/Corpus/Alea/html/BSV_arboriculture_25_du_23_05_19_cle077bda.html;https://info.agriculture.gouv.fr/gedei/site/bo-agri/instruction-2019-144
http://ontology.inrae.fr/bsv/html/Corpus/Alea/html/BSV_arboriculture_25_du_23_05_19_cle077bda.html;https://info.agriculture.gouv.fr/gedei/site/bo-agri/instruction-2019-144
http://ontology.inrae.fr/bsv/html/Corpus/Alea/html/BSV_arboriculture_25_du_23_05_19_cle077bda.html;https://info.agriculture.gouv.fr/gedei/site/bo-agri/instruction-2019-144
http://ontology.inrae.fr/bsv/html/Corpus/Alea/html/BSV_arboriculture_25_du_23_05_19_cle077bda.html;https://info.agriculture.gouv.fr/gedei/site/bo-agri/instruction-2019-144
http://ontology.inrae.fr/bsv/html/Corpus/Alea/html/BSV_arboriculture_31_du_20_06_19_cle016821.html;https://info.agriculture.gouv.fr/gedei/site/bo-agri/instruction-2019-144
http://ontology.inrae.fr/bsv/html/Corpus/Alea/html/BSV_arboriculture_31_du_20_06_19_cle016821.html;https://info.agriculture.gouv.fr/gedei/site/bo-agri/instruction-2019-144
http://ontology.inrae.fr/bsv/html/Corpus/Alea/html/BSV_arboriculture_31_du_20_06_19_cle016821.html;https://info.agriculture.gouv.fr/gedei/site/bo-agri/instruction-2019-144
http://ontology.inrae.fr/bsv/html/Corpus/Alea/html/BSV_arboriculture_31_du_20_06_19_cle016821.html;https://info.agriculture.gouv.fr/gedei/site/bo-agri/instruction-2019-144
http://ontology.inrae.fr/bsv/html/Corpus/Alea/html/BSV_arboriculture_31_du_20_06_19_cle016821.html;http://arboriculture.ecophytopic.fr;http://www.ctifl.fr/ecophytopic/infos
http://ontology.inrae.fr/bsv/html/Corpus/Alea/html/BSV_bilan_ble_campagne_2014_2015_cle037c1e.html;http://draf.bretagne.agriculture.gouv.fr.
http://ontology.inrae.fr/bsv/html/Corpus/Alea/html/BSV_legumes_allium_pomme_de_terre_AURA_2020-9_cle0d26da.html;http://draaf.auvergne-rhone-alpes.agriculture.gouv.fr/IMG/pdf/2002;cle0d669a.pdf
http://ontology.inrae.fr/bsv/html/Corpus/Alea/html/BSV_legumes_allium_pomme_de_terre_AURA_2020-9_cle0d26da.html;http://cultures-legumieres.ecophytopic.fr/cultures-legumieres
http://ontology.inrae.fr/bsv/html/Corpus/Alea/html/BSV_maraichage_no20_du_23_Octobre_2020_cle81e1d1.html;https://www.legifrance.gouv.fr/eli/arrete/2020/3/11/AGRG2007380A/jo/texte)
http://ontology.inrae.fr/bsv/html/Corpus/Alea/html/BSV_maraichage_no20_du_23_Octobre_2020_cle81e1d1.html;https://www.info.agriculture.gouv.fr/gedei/site/bo-agri/instruction-2020-237)
http://ontology.inrae.fr/bsv/html/Corpus/Alea/html/BSV_maraichage_no20_du_23_Octobre_2020_cle81e1d1.html;http://www.aprel.fr/publication.php.
http://ontology.inrae.fr/bsv/html/Corpus/Alea/html/BSV_no17_pommes_de_terre_cle8966e3-1.html;http://www.meteo-agriculture.eu
http://ontology.inrae.fr/bsv/html/Corpus/Alea/html/BSV_no17_pommes_de_terre_cle8966e3-1.html;https://www.arvalis-infos.fr/plusieurs-techniques-possibles-pour-defaner-les-pommes-de-terre-@/view-25277-arvarticle.html
http://ontology.inrae.fr/bsv/html/Corpus/Alea/html/BSV_no19_du_23-06-2020_cle09c329.html;http://www.fredon-bretagne.com/bsv-n11-du-28-04-20/
http://ontology.inrae.fr/bsv/html/Corpus/Alea/html/BSV_oleagineux_08_du_23-10-18_cle8b615d.html;http://www.terresinovia.fr/colza/cultiver-du-colza/ravageurs/insectes/insectes-automne/pucerons/
http://ontology.inrae.fr/bsv/html/Corpus/Alea/html/BSV_petits-fruits-2019_N05_cle41f1d8.html;http://www.terresinovia.fr/tournesol/cultiver-du-tournesol/desherbage/ambroisie/
http://ontology.inrae.fr/bsv/html/Corpus/Alea/html/BSV_petits-fruits-2019_N05_cle41f1d8.html;https://www.arvalis-infos.fr/intervenir-des-l-interculture-pour-gerer-l-ambroisie-a-feuilles-d-armoise-@/view-16214-arvarticle.html
http://ontology.inrae.fr/bsv/html/Corpus/Alea/html/BSV_petits-fruits-2019_N05_cle41f1d8.html;http://www.infloweb.fr/ambroisie-a-feuilles-darmoise
http://ontology.inrae.fr/bsv/html/Corpus/Alea/html/BSV_petits-fruits-2019_N05_cle41f1d8.html;http://www.terresinovia.fr/ambroisie
http://ontology.inrae.fr/bsv/html/Corpus/Alea/html/BSVarbo9_cle8977d6-1.html;http://draaf.alsace-champagn,e-ardenne-lorraine.agriculture.gouv.fr/
http://ontology.inrae.fr/bsv/html/Corpus/Alea/html/BSVcampagnols3_cle8d3542.html;http://www.fredon-lorraine.com/fr/campagnols.html
http://ontology.inrae.fr/bsv/html/Corpus/Alea/html/BSVcampagnols10_cle06d1a1.html;https://goo.gl/forms/CROPpkeLCqtUS5Ni1
http://ontology.inrae.fr/bsv/html/Corpus/Alea/html/BSVleg_n10_2017_cle03fb85.html;http://www.planete-legumes.fr/wp-content/uploads/2016/12/Guide-technique-filets-anti-insectes.pdf
http://ontology.inrae.fr/bsv/html/Corpus/Alea/html/BULLETIN_DE_SANTE_DU_VEGETAL_GC_2013-_No14_-_28_MAI_2013_cle4c4dec.html;http://draaf.franche-comte.agriculture.gouv.fr/IMG/pdf/Note;cle0dadc4.pdf
http://ontology.inrae.fr/bsv/html/Corpus/Alea/html/BULLETIN_DE_SANTE_DU_VEGETAL_GC_2013-_No14_-_28_MAI_2013_cle4c4dec.html;http://draaf.franche-comte.agriculture.gouv.fr/IMG/pdf/Note;cle0dadc4.pdf
http://ontology.inrae.fr/bsv/html/Corpus/Alea/html/BULLETIN_DE_SANTE_DU_VEGETAL_GC_2013-_No14_-_28_MAI_2013_cle4c4dec.html;http://www.forum-olympus-france.com/forum/topic/22174-collembole-2012/
http://ontology.inrae.fr/bsv/html/Corpus/Alea/html/BULLETIN_DE_SANTE_DU_VEGETAL_GC_2013-_No20_-_9_JUILLET_2013_cle8e731d.html;http://draaf.franche-comte.agriculture.gouv.fr/IMG/pdf/Note;cle0232d3.pdf
http://ontology.inrae.fr/bsv/html/Corpus/Alea/html/BULLETIN_DE_SANTE_DU_VEGETAL_GC_2013-_No20_-_9_JUILLET_2013_cle8e731d.html;http://www.cetiom.fr/tournesol/cultiver-du-tournesol/maladies/phomopsis/lutte/
http://ontology.inrae.fr/bsv/html/Corpus/Alea/html/BULLETIN_DE_SANTE_DU_VEGETAL_GC_2013-_No20_-_9_JUILLET_2013_cle8e731d.html;http://draaf.franche-comte.agriculture.gouv.fr/IMG/pdf/Note;cle838d42.pdf
http://ontology.inrae.fr/bsv/html/Corpus/Alea/html/Note_nationale_meth_alternative_adventices_GC_validee-2_cle06dc5b.html;http://www.infloweb.fr/
http://ontology.inrae.fr/bsv/html/Corpus/Alea/html/Note_nationale_meth_alternative_adventices_GC_validee-2_cle06dc5b.html;http://www.acta.asso.fr/
http://ontology.inrae.fr/bsv/html/Corpus/Alea/html/Note_nationale_meth_alternative_adventices_GC_validee-2_cle06dc5b.html;http://www.arvalisinstitutduvegetal.fr/
http://ontology.inrae.fr/bsv/html/Corpus/Alea/html/Note_nationale_meth_alternative_adventices_GC_validee-2_cle06dc5b.html;http://www.cetiom.fr/
http://ontology.inrae.fr/bsv/html/Corpus/Alea/html/Note_nationale_meth_alternative_adventices_GC_validee-2_cle06dc5b.html;http://www.itbfr.org/
http://ontology.inrae.fr/bsv/html/Corpus/Alea/html/Note_nationale_meth_alternative_adventices_GC_validee-2_cle06dc5b.html;http://www.florad.org/moodle/
http://ontology.inrae.fr/bsv/html/Corpus/Alea/html/Note_nationale_meth_alternative_adventices_GC_validee-2_cle06dc5b.html;http://www.infloweb.fr/
http://ontology.inrae.fr/bsv/html/Corpus/Alea/html/Note_nationale_meth_alternative_adventices_GC_validee-2_cle06dc5b.html;http://www2.dijon.inra.fr/hyppa/hyppa-f/hyppa
http://ontology.inrae.fr/bsv/html/Corpus/Alea/html/alsace_gdes_cultures_no24_du_19-08-20_cle075fe6.html;https://forms.gle/SRQ5cHdVYQq7FvVcA
http://ontology.inrae.fr/bsv/html/Corpus/Alea/html/bsv_arbo_66_2015_cle479316.html;http://draaf.poitou-charentes.agriculture.gouv.fr/;http://draaf.poitou-charentes.agriculture.gouv.fr/;http://draaf.poitou-charentes.agriculture.gouv.fr/;http://draaf.poitou-charentes.agriculture.gouv.fr/
http://ontology.inrae.fr/bsv/html/Corpus/Alea/html/bsv_grandes_cultures_n27_18052017_cle88cbb1-1.html;http://www.terresinovia.fr/tournesol/cultiver-du-tournesol/maladies/mildiou/moyens-de-lutte/
http://ontology.inrae.fr/bsv/html/Corpus/Alea/html/bsv_grandes_cultures_n27_18052017_cle88cbb1-1.html;http://www.terresinovia.fr/outils/detail/outils/33/
http://ontology.inrae.fr/bsv/html/Corpus/Alea/html/bsv_maraichage_no11_du_05_Juin_2020_cle012212.html;http://www.aprel.fr/pdfPhytos/0Fiche;GRAB.pdf;http://www.aprel.fr/pdfPhytos/0Strategies;TutaPI.pdf
http://ontology.inrae.fr/bsv/html/Corpus/Alea/html/bsv_maraichage_no11_du_05_Juin_2020_cle012212.html;http://ephytia.inra.fr/fr/C/4999/Tomate-Passalora-fulva-cladosporiose
http://ontology.inrae.fr/bsv/html/Corpus/Alea/html/bsv_maraichage_no11_du_05_Juin_2020_cle012212.html;https://www.legifrance.gouv.fr/eli/arrete/2020/3/11/AGRG2007380A/jo/texte)
http://ontology.inrae.fr/bsv/html/Corpus/Alea/html/bsv_maraichage_no11_du_05_Juin_2020_cle012212.html;https://www.info.agriculture.gouv.fr/gedei/site/bo-agri/instruction-2020-237)
http://ontology.inrae.fr/bsv/html/Corpus/Alea/html/bsv_maraichage_no11_du_05_Juin_2020_cle012212.html;http://www.aprel.fr/publication.php.
http://ontology.inrae.fr/bsv/html/Corpus/Alea/html/bsv_maraichage_no11_du_05_Juin_2020_cle012212.html;https://aprel.fr/pdfPhytos2/0Hors-serie;2016.pdf
http://ontology.inrae.fr/bsv/html/Corpus/Alea/html/bsv_maraichage_no11_du_05_Juin_2020_cle012212.html;http://draaf.paca.agriculture.gouv.fr/IMG/pdf/Fiche;cle07cf52.pdf
http://ontology.inrae.fr/bsv/html/Corpus/Alea/html/bsv_maraichage_no11_du_05_Juin_2020_cle012212.html;https://info.agriculture.gouv.fr/gedei/site/bo-agri/instruction-2019-272/telechargement
http://ontology.inrae.fr/bsv/html/Corpus/Alea/html/bsv_na_tabac_03_20180523_cle8e53e1.html;http://www.nouvelle-aquitaine.chambres-agriculture.fr/fileadmin/user;Botrytis.pdf
http://ontology.inrae.fr/bsv/html/Corpus/Alea/html/bsv_na_tabac_03_20180523_cle8e53e1.html;http://www.nouvelle-aquitaine.chambres-agriculture.fr/fileadmin/user;Olpidium.pdf
http://ontology.inrae.fr/bsv/html/Corpus/Alea/html/bsv_na_tabac_03_20180523_cle8e53e1.html;http://www.nouvelle-aquitaine.chambres-agriculture.fr/fileadmin/user;terricoles.pdf
http://ontology.inrae.fr/bsv/html/Corpus/Alea/html/bsv_na_tabac_03_20180523_cle8e53e1.html;http://www.nouvelle-aquitaine.chambres-agriculture.fr/fileadmin/user;defoliatrices.pdf
http://ontology.inrae.fr/bsv/html/Corpus/Alea/html/bsv_na_tabac_03_20180523_cle8e53e1.html;http://www.nouvelle-aquitaine.chambres-agriculture.fr/fileadmin/user;Taupin.pdf
http://ontology.inrae.fr/bsv/html/Corpus/Alea/html/bsv_vigne_n10_fronton_07062017-3_cle0a711e.html;http://draaf.occitanie.agriculture.gouv.fr/Sante-de-la-vigne;http://draaf.occitanie.agriculture.gouv.fr/IMG/pdf/2017;cle4a3695.pdf
http://ontology.inrae.fr/bsv/html/Corpus/Alea/html/bsv_viti_mp_gaillac_n07_12052020_cle0ee886.html;https://ecophytopic.fr/proteger/liste-des-produits-de-biocontrole
http://ontology.inrae.fr/bsv/html/Corpus/Alea/html/bsv_viti_mp_hautegaronnetarnetgaronne_n07_12052020_cle0cfad7.html;https://ecophytopic.fr/proteger/liste-des-produits-de-biocontrole
http://ontology.inrae.fr/bsv/html/Corpus/Alea/html/char_Grandes_Cultures_no22_2016-07-07_cle02be6e.html;http://www.champagrica.fr/agriculture-durable/bulletins-de-sante-du-vegetal.html;http://draaf.alsace-champagne-ardenne-lorraine.agriculture.gouv.fr/Pour-les-departements-08-10-51-52
http://ontology.inrae.fr/bsv/html/Corpus/Alea/html/char_Grandes_Cultures_no22_2016-07-07_cle02be6e.html;http://www.infloweb.fr
http://ontology.inrae.fr/bsv/html/Corpus/Alea/html/char_Grandes_Cultures_no42_2016-11-24_cle0385bf.html;http://www.champagrica.fr;http://draaf.alsace-champagne-ardenne-lorraine.agriculture.gouv.fr/Pour-les-departements-08-10-51-52
http://ontology.inrae.fr/bsv/html/Corpus/Alea/html/char_Grandes_Cultures_no42_2016-11-24_cle0385bf.html;http://www.infloweb.fr
http://ontology.inrae.fr/bsv/html/Corpus/Alea/html/lorraine_vigne_no14_du_29-07-20_cle4bcf91.html;http://www.meteociel.fr
http://ontology.inrae.fr/bsv/html/Corpus/Alea/html/lorraine_vigne_no14_du_29-07-20_cle4bcf91.html;http://www.grandest.chambre-agriculture.fr/index.php?id=2853502
http://ontology.inrae.fr/bsv/html/Corpus/Alea/html/lorraine_vigne_no14_du_29-07-20_cle4bcf91.html;http://draaf.grand-est.agriculture.gouv.fr/Surveillance-des-organismes
http://ontology.inrae.fr/bsv/html/Corpus/Tests/GrandesCultures/html/20180911_bsv_grandes_cultures-26_cle0f15a8.html;https://goo.gl/forms/ihnDRMRYkMWY8JQY2
http://ontology.inrae.fr/bsv/html/Corpus/Tests/GrandesCultures/html/20181106_bsv_grandes_cultures_34_cle08159b.html;http://www.pays-de-la-loire.chambres-agriculture.fr/publications/publications-
http://ontology.inrae.fr/bsv/html/Corpus/Tests/GrandesCultures/html/20190320_LOR_BSV_Grandes_Cultures_cle83816d.html;http://www.grandest.chambre-agriculture.fr/productions-agricoles/ecophyto/bulletins-de-sante-du-vegetal/
http://ontology.inrae.fr/bsv/html/Corpus/Tests/GrandesCultures/html/20190320_LOR_BSV_Grandes_Cultures_cle83816d.html;http://draaf.grand-est.agriculture.gouv.fr/Surveillance-des-organismes
http://ontology.inrae.fr/bsv/html/Corpus/Tests/GrandesCultures/html/20190320_LOR_BSV_Grandes_Cultures_cle83816d.html;http://www.infloweb.fr
http://ontology.inrae.fr/bsv/html/Corpus/Tests/GrandesCultures/html/20190320_LOR_BSV_Grandes_Cultures_cle83816d.html;http://www.grandest.chambre-agriculture.fr/productions-agricoles/ecophyto/bulletins-de-sante-du-
http://ontology.inrae.fr/bsv/html/Corpus/Tests/GrandesCultures/html/20190417_ALS_BSV_Grandes_Cultures_cle8c93cf.html;http://www.barometre-maladies.arvalis-infos.fr/
http://ontology.inrae.fr/bsv/html/Corpus/Tests/GrandesCultures/html/20190417_ALS_BSV_Grandes_Cultures_cle8c93cf.html;http://www.grandest.chambre-agriculture.fr/productions-agricoles/ecophyto/bulletins-de-sante-du-vegetal/
http://ontology.inrae.fr/bsv/html/Corpus/Tests/GrandesCultures/html/20190417_ALS_BSV_Grandes_Cultures_cle8c93cf.html;http://draaf.grand-est.agriculture.gouv.fr/Surveillance-des-organismes
http://ontology.inrae.fr/bsv/html/Corpus/Tests/GrandesCultures/html/20190417_ALS_BSV_Grandes_Cultures_cle8c93cf.html;http://www.infloweb.fr
http://ontology.inrae.fr/bsv/html/Corpus/Tests/GrandesCultures/html/20190417_ALS_BSV_Grandes_Cultures_cle8c93cf.html;http://www.grandest.chambre-agriculture.fr/productions-agricoles/ecophyto/bulletins-de-sante-du-
http://ontology.inrae.fr/bsv/html/Corpus/Tests/GrandesCultures/html/20190417_CHA_BSV_Grandes_Cultures_cle8333d7.html;http://www.grandest.chambre-agriculture.fr/productions-agricoles/ecophyto/bulletins-de-sante-du-vegetal/
http://ontology.inrae.fr/bsv/html/Corpus/Tests/GrandesCultures/html/20190417_CHA_BSV_Grandes_Cultures_cle8333d7.html;http://draaf.grand-est.agriculture.gouv.fr/Surveillance-des-organismes
http://ontology.inrae.fr/bsv/html/Corpus/Tests/GrandesCultures/html/20190417_CHA_BSV_Grandes_Cultures_cle8333d7.html;http://www.infloweb.fr
http://ontology.inrae.fr/bsv/html/Corpus/Tests/GrandesCultures/html/20190417_CHA_BSV_Grandes_Cultures_cle8333d7.html;http://www.grandest.chambre-agriculture.fr/productions-agricoles/ecophyto/bulletins-de-sante-du-
http://ontology.inrae.fr/bsv/html/Corpus/Tests/GrandesCultures/html/20190507_LOR_BSV_Grandes_Cultures_cle893371.html;http://www.barometre-maladies.arvalis-infos.fr/
http://ontology.inrae.fr/bsv/html/Corpus/Tests/GrandesCultures/html/20190507_LOR_BSV_Grandes_Cultures_cle893371.html;http://itsap.asso.fr
http://ontology.inrae.fr/bsv/html/Corpus/Tests/GrandesCultures/html/20190507_LOR_BSV_Grandes_Cultures_cle893371.html;https://www.terresinovia.fr/documents/20126/156000/Note_commune+SCLERO_2019_Anses_Inra_TI.pdf/d
http://ontology.inrae.fr/bsv/html/Corpus/Tests/GrandesCultures/html/20190507_LOR_BSV_Grandes_Cultures_cle893371.html;http://www.terresinovia.fr/tournesol/cultiver-du-tournesol/ravageurs/oiseaux/declaration-degats-doiseaux/).
http://ontology.inrae.fr/bsv/html/Corpus/Tests/GrandesCultures/html/20190507_LOR_BSV_Grandes_Cultures_cle893371.html;http://www.grandest.chambre-agriculture.fr/productions-agricoles/ecophyto/bulletins-de-sante-du-vegetal/
http://ontology.inrae.fr/bsv/html/Corpus/Tests/GrandesCultures/html/20190507_LOR_BSV_Grandes_Cultures_cle893371.html;http://draaf.grand-est.agriculture.gouv.fr/Surveillance-des-organismes
http://ontology.inrae.fr/bsv/html/Corpus/Tests/GrandesCultures/html/20190507_LOR_BSV_Grandes_Cultures_cle893371.html;http://www.infloweb.fr
http://ontology.inrae.fr/bsv/html/Corpus/Tests/GrandesCultures/html/20190507_LOR_BSV_Grandes_Cultures_cle893371.html;http://www.grandest.chambre-agriculture.fr/productions-agricoles/ecophyto/bulletins-de-sante-du-
http://ontology.inrae.fr/bsv/html/Corpus/Tests/GrandesCultures/html/20190522_BSV_grandes_cultures_Auvergne_N14_cle02c8cf.html;http://www.fiches.arvalis-infos.fr/
http://ontology.inrae.fr/bsv/html/Corpus/Tests/GrandesCultures/html/20190522_BSV_grandes_cultures_Auvergne_N14_cle02c8cf.html;http://www.fiches.arvalis-infos.fr/
http://ontology.inrae.fr/bsv/html/Corpus/Tests/GrandesCultures/html/20190522_BSV_grandes_cultures_Auvergne_N14_cle02c8cf.html;http://www.fiches.arvalis-infos.fr/
http://ontology.inrae.fr/bsv/html/Corpus/Tests/GrandesCultures/html/20190522_BSV_grandes_cultures_Auvergne_N14_cle02c8cf.html;http://www.ecophytopic.fr/sites/default/files/Limaces_Note_nationale_BSV_141010_cle84efec_0.pdf
http://ontology.inrae.fr/bsv/html/Corpus/Tests/GrandesCultures/html/20190522_LOR_BSV_Grandes_Cultures_cle8b3b61.html;http://www.barometre-maladies.arvalis-infos.fr/
http://ontology.inrae.fr/bsv/html/Corpus/Tests/GrandesCultures/html/20190522_LOR_BSV_Grandes_Cultures_cle8b3b61.html;:https://www.terresinovia.fr/documents/20126/156000/Note_commune+SCLERO_2019_Anses_Inra_TI.pdf
http://ontology.inrae.fr/bsv/html/Corpus/Tests/GrandesCultures/html/20190522_LOR_BSV_Grandes_Cultures_cle8b3b61.html;http://itsap.asso.fr
http://ontology.inrae.fr/bsv/html/Corpus/Tests/GrandesCultures/html/20190522_LOR_BSV_Grandes_Cultures_cle8b3b61.html;http://www.terresinovia.fr/tournesol/cultiver-du-tournesol/ravageurs/oiseaux/declaration-degats-doiseaux/).
http://ontology.inrae.fr/bsv/html/Corpus/Tests/GrandesCultures/html/20190522_LOR_BSV_Grandes_Cultures_cle8b3b61.html;http://www.grandest.chambre-agriculture.fr/productions-agricoles/ecophyto/bulletins-de-sante-du-vegetal/
http://ontology.inrae.fr/bsv/html/Corpus/Tests/GrandesCultures/html/20190522_LOR_BSV_Grandes_Cultures_cle8b3b61.html;http://draaf.grand-est.agriculture.gouv.fr/Surveillance-des-organismes
http://ontology.inrae.fr/bsv/html/Corpus/Tests/GrandesCultures/html/20190522_LOR_BSV_Grandes_Cultures_cle8b3b61.html;http://www.infloweb.fr
http://ontology.inrae.fr/bsv/html/Corpus/Tests/GrandesCultures/html/20190522_LOR_BSV_Grandes_Cultures_cle8b3b61.html;http://www.grandest.chambre-agriculture.fr/productions-agricoles/ecophyto/bulletins-de-sante-du-
http://ontology.inrae.fr/bsv/html/Corpus/Tests/GrandesCultures/html/20190710_LOR_BSV_Grandes_Cultures_cle8d764a.html;http://www.grandest.chambre-agriculture.fr/productions-agricoles/ecophyto/bulletins-de-sante-du-vegetal/
http://ontology.inrae.fr/bsv/html/Corpus/Tests/GrandesCultures/html/20190710_LOR_BSV_Grandes_Cultures_cle8d764a.html;http://draaf.grand-est.agriculture.gouv.fr/Surveillance-des-organismes
http://ontology.inrae.fr/bsv/html/Corpus/Tests/GrandesCultures/html/20190710_LOR_BSV_Grandes_Cultures_cle8d764a.html;http://www.infloweb.fr
http://ontology.inrae.fr/bsv/html/Corpus/Tests/GrandesCultures/html/20190710_LOR_BSV_Grandes_Cultures_cle8d764a.html;http://www.grandest.chambre-agriculture.fr/productions-agricoles/ecophyto/bulletins-de-sante-du-
http://ontology.inrae.fr/bsv/html/Corpus/Tests/GrandesCultures/html/20190730_bsv_grandes_cultures_cle879378.html;https://forms.gle/BtVUrxvt8pKC91xx6
http://ontology.inrae.fr/bsv/html/Corpus/Tests/GrandesCultures/html/20190730_bsv_grandes_cultures_cle879378.html;https://pays-de-la-loire.chambres-agriculture.fr/publications/publications-des-pays-de-la-loire/detail-de-la-publication/
http://ontology.inrae.fr/bsv/html/Corpus/Tests/GrandesCultures/html/20190730_bsv_grandes_cultures_cle879378.html;https://pays-de-la-loire.chambres-agriculture.fr/fileadmin/user_upload/Pays_de_la_Loire/022_Inst-Pays-de-la-;loire/RUBR-RD-innovation/Productions-vegetales/2016_brochure_colza_et_altises_hiver.pdf
http://ontology.inrae.fr/bsv/html/Corpus/Tests/GrandesCultures/html/20190730_bsv_grandes_cultures_cle879378.html;https://forms.gle/g8Z2z5qgqh7fK4jp6
http://ontology.inrae.fr/bsv/html/Corpus/Tests/GrandesCultures/html/BSV-GC-n__36-22102019_cle43a7f1.html;https://www.terresinovia.fr/-/comment-faire-un-berlese-
http://ontology.inrae.fr/bsv/html/Corpus/Tests/GrandesCultures/html/BSV_GC_n_27_du_21_05_19_cle8d148f.html;https://www.arvalis-infos.fr/file/galleryelement/pj/ec/2e/cc/00/;note_commune_2019_finale4171869336735947962.pdf
http://ontology.inrae.fr/bsv/html/Corpus/Tests/GrandesCultures/html/BSV_GC_n_27_du_21_05_19_cle8d148f.html;http://www.signalement-ambroisie.fr/.
http://ontology.inrae.fr/bsv/html/Corpus/Tests/GrandesCultures/html/BSV_GC_n_27_du_21_05_19_cle8d148f.html;https://forms.gle/BtVUrxvt8pKC91xx6.
http://ontology.inrae.fr/bsv/html/Corpus/Tests/GrandesCultures/html/BSV_GC_n_27_du_21_05_19_cle8d148f.html;http://www.infloweb.fr/
http://ontology.inrae.fr/bsv/html/Corpus/Tests/GrandesCultures/html/BSV_GC_n_33_du_2_07_19_cle0b813e.html;http://www.signalement-ambroisie.fr/
http://ontology.inrae.fr/bsv/html/Corpus/Tests/GrandesCultures/html/BSV_GC_n_33_du_2_07_19_cle0b813e.html;https://forms.gle/BtVUrxvt8pKC91xx6.
http://ontology.inrae.fr/bsv/html/Corpus/Tests/GrandesCultures/html/BSV_GRANDES_CULTURES_2019_No7_cle8446d7.html;http://www.infloweb.fr
http://ontology.inrae.fr/bsv/html/Corpus/Tests/GrandesCultures/html/BSV_GRANDES_CULTURES_2019_No24_cle0c9cf1.html;http://maladies.itbfr.org/pages/alerte.php
http://ontology.inrae.fr/bsv/html/Corpus/Tests/GrandesCultures/html/BSV_GRANDES_CULTURES_2019_No24_cle0c9cf1.html;http://www.infloweb.fr
http://ontology.inrae.fr/bsv/html/Corpus/Tests/GrandesCultures/html/BSV_NA_GC_AQUITAINE_N19_20190613_cle0c6817.html;http://www.lot-et-garonne.gouv.fr/IMG/pdf/recueil_des_actes_administratifs_special_no47-2019-;022_du_13_mars_2019.pdf
http://ontology.inrae.fr/bsv/html/Corpus/Tests/GrandesCultures/html/BSV_NA_GC_AQUITAINE_N19_20190613_cle0c6817.html;http://www.dordogne.gouv.fr/Politiques-publiques/Securite-et-protection-de-la-population/Securite-
http://ontology.inrae.fr/bsv/html/Corpus/Tests/GrandesCultures/html/BSV_NA_GC_AQUITAINE_N19_20190613_cle0c6817.html;https://www.terresinovia.fr/-/la-note-commune-2019-sur-le-
http://ontology.inrae.fr/bsv/html/Corpus/Tests/GrandesCultures/html/BSV_NA_GC_AQUITAINE_N19_20190613_cle0c6817.html;https://www.terresinovia.fr/-/declarer-ses-degats-d-oiseaux-et-visualiser-les-zones-a-
http://ontology.inrae.fr/bsv/html/Corpus/Tests/GrandesCultures/html/BSV_NA_GC_AQUITAINE_N25_20190801_cle0eefb1.html;http://www.myvar.fr/).
http://ontology.inrae.fr/bsv/html/Corpus/Tests/GrandesCultures/html/BSV_NA_GC_Poitou-Charentes_10_20190416_cle8376ad.html;Notes_techniques/Note_2018_gestion_résistance_aux_fongicides_céréales_paille.pdf
http://ontology.inrae.fr/bsv/html/Corpus/Tests/GrandesCultures/html/BSV_NA_GC_Poitou-Charentes_19_20190618_cle869d2b.html;https://www.fredonpc.fr/diabrotica
http://ontology.inrae.fr/bsv/html/Corpus/Tests/GrandesCultures/html/BSV_NA_GC_Poitou-Charentes_19_20190618_cle869d2b.html;http://solidarites-sante.gouv.fr/sante-et-environnement/risques-microbiologiques-
http://ontology.inrae.fr/bsv/html/Corpus/Tests/GrandesCultures/html/BSV_NA_GC_Poitou-Charentes_19_20190618_cle869d2b.html;http://www.signalement-adventices.fr/
http://ontology.inrae.fr/bsv/html/Corpus/Tests/GrandesCultures/html/BSV_no11_du_30-04-19_cle0bc1be.html;Note_nationale_abeilles_et_pollinisateurs_2018_pdf
http://ontology.inrae.fr/bsv/html/Corpus/Tests/GrandesCultures/html/alsace_gdes_cultures_no3_du_13-03-19_cle4272b9.html;http://www.grandest.chambre-agriculture.fr/productions-agricoles/ecophyto/bulletins-de-sante-du-
http://ontology.inrae.fr/bsv/html/Corpus/Tests/GrandesCultures/html/alsace_gdes_cultures_no3_du_13-03-19_cle4272b9.html;http://draaf.grand-est.agriculture.gouv.fr/Surveillance-des-organismes
http://ontology.inrae.fr/bsv/html/Corpus/Tests/GrandesCultures/html/alsace_gdes_cultures_no3_du_13-03-19_cle4272b9.html;http://www.infloweb.fr
http://ontology.inrae.fr/bsv/html/Corpus/Tests/GrandesCultures/html/alsace_gdes_cultures_no3_du_13-03-19_cle4272b9.html;http://www.grandest.chambre-agriculture.fr/productions-agricoles/ecophyto/bulletins-de-sante-du-
http://ontology.inrae.fr/bsv/html/Corpus/Tests/GrandesCultures/html/alsace_gdes_cultures_no10_du_30-04-19_cle015281.html;http://www.barometre-maladies.arvalis-infos.fr/
http://ontology.inrae.fr/bsv/html/Corpus/Tests/GrandesCultures/html/alsace_gdes_cultures_no10_du_30-04-19_cle015281.html;http://www.grandest.chambre-agriculture.fr/productions-agricoles/ecophyto/bulletins-de-sante-du-vegetal/
http://ontology.inrae.fr/bsv/html/Corpus/Tests/GrandesCultures/html/alsace_gdes_cultures_no10_du_30-04-19_cle015281.html;http://draaf.grand-est.agriculture.gouv.fr/Surveillance-des-organismes
http://ontology.inrae.fr/bsv/html/Corpus/Tests/GrandesCultures/html/alsace_gdes_cultures_no10_du_30-04-19_cle015281.html;http://www.infloweb.fr
http://ontology.inrae.fr/bsv/html/Corpus/Tests/GrandesCultures/html/alsace_gdes_cultures_no10_du_30-04-19_cle015281.html;http://www.grandest.chambre-agriculture.fr/productions-agricoles/ecophyto/bulletins-de-sante-du-
http://ontology.inrae.fr/bsv/html/Corpus/Tests/GrandesCultures/html/alsace_gdes_cultures_no17_du_19-06-19_cle026e84.html;http://www.grandest.chambre-agriculture.fr/productions-agricoles/ecophyto/bulletins-de-sante-du-vegetal/
http://ontology.inrae.fr/bsv/html/Corpus/Tests/GrandesCultures/html/alsace_gdes_cultures_no17_du_19-06-19_cle026e84.html;http://draaf.grand-est.agriculture.gouv.fr/Surveillance-des-organismes
http://ontology.inrae.fr/bsv/html/Corpus/Tests/GrandesCultures/html/alsace_gdes_cultures_no17_du_19-06-19_cle026e84.html;http://www.infloweb.fr
http://ontology.inrae.fr/bsv/html/Corpus/Tests/GrandesCultures/html/alsace_gdes_cultures_no17_du_19-06-19_cle026e84.html;http://www.grandest.chambre-agriculture.fr/productions-agricoles/ecophyto/bulletins-de-sante-du-
http://ontology.inrae.fr/bsv/html/Corpus/Tests/GrandesCultures/html/bsv_gc_mp_n19_21032019_cle0c7f7d.html;http://arena-;auximore.fr/wp-content/uploads/2014/12/MELIGETHES_WEB.pdf
http://ontology.inrae.fr/bsv/html/Corpus/Tests/GrandesCultures/html/bsv_gc_mp_n27_16052019_cle046a11.html;https://www.terresinovia.fr/-/declarer-ses-degats-d-oiseaux-et-visualiser-les-zones-a-
http://ontology.inrae.fr/bsv/html/Corpus/Tests/GrandesCultures/html/bsv_gc_mp_n33_27062019_cle051c4f.html;https://www.terresinovia.fr/-/declarer-ses-degats-d-oiseaux-et-visualiser-les-zones-a-
http://ontology.inrae.fr/bsv/html/Corpus/Tests/GrandesCultures/html/bsv_grandes_cultures_n02_27092018_cle87a58c.html;http://www.terresinovia.fr/espaces-regionaux/messages-techniques/regions-sud/2018/point-
http://ontology.inrae.fr/bsv/html/Corpus/Tests/GrandesCultures/html/bsv_grandes_cultures_n35_09082018-2_cle06f22b.html;:http://arena-auximore.fr/wp-content/uploads/2014/12/MELIGETHES_WEB.pdf
http://ontology.inrae.fr/bsv/html/Corpus/Tests/GrandesCultures/html/bsv_grandes_cultures_n35_09082018-2_cle06f22b.html;http://www.myvar.fr/
http://ontology.inrae.fr/bsv/html/Corpus/Tests/GrandesCultures/html/bsv_grandes_cultures_n35_09082018-2_cle06f22b.html;http://www.terresinovia.fr/espaces-regionaux/messages-techniques/regions-sud/2018/mypic-
http://ontology.inrae.fr/bsv/html/Corpus/Tests/GrandesCultures/html/char_gdes_Cultures_no11_du_30-04-19_cle096f9c.html;http://www.grandest.chambre-agriculture.fr/productions-agricoles/ecophyto/bulletins-de-sante-du-vegetal/
http://ontology.inrae.fr/bsv/html/Corpus/Tests/GrandesCultures/html/char_gdes_Cultures_no11_du_30-04-19_cle096f9c.html;http://draaf.grand-est.agriculture.gouv.fr/Surveillance-des-organismes
http://ontology.inrae.fr/bsv/html/Corpus/Tests/GrandesCultures/html/char_gdes_Cultures_no11_du_30-04-19_cle096f9c.html;http://www.infloweb.fr
http://ontology.inrae.fr/bsv/html/Corpus/Tests/GrandesCultures/html/char_gdes_Cultures_no11_du_30-04-19_cle096f9c.html;http://www.grandest.chambre-agriculture.fr/productions-agricoles/ecophyto/bulletins-de-sante-du-
http://ontology.inrae.fr/bsv/html/Corpus/Tests/GrandesCultures/html/char_gdes_Cultures_no14_du_22-05-19_cle0b1586.html;http://www.grandest.chambre-agriculture.fr/productions-agricoles/ecophyto/bulletins-de-sante-du-vegetal/
http://ontology.inrae.fr/bsv/html/Corpus/Tests/GrandesCultures/html/char_gdes_Cultures_no14_du_22-05-19_cle0b1586.html;http://draaf.grand-est.agriculture.gouv.fr/Surveillance-des-organismes
http://ontology.inrae.fr/bsv/html/Corpus/Tests/GrandesCultures/html/char_gdes_Cultures_no14_du_22-05-19_cle0b1586.html;http://www.infloweb.fr
http://ontology.inrae.fr/bsv/html/Corpus/Tests/GrandesCultures/html/char_gdes_Cultures_no14_du_22-05-19_cle0b1586.html;http://www.grandest.chambre-agriculture.fr/productions-agricoles/ecophyto/bulletins-de-sante-du-
http://ontology.inrae.fr/bsv/html/Corpus/Tests/GrandesCultures/html/char_gdes_Cultures_no26_du_14-08-19_cle0fb929.html;http://www.grandest.chambre-agriculture.fr/productions-agricoles/ecophyto/bulletins-de-sante-du-vegetal/
http://ontology.inrae.fr/bsv/html/Corpus/Tests/GrandesCultures/html/char_gdes_Cultures_no26_du_14-08-19_cle0fb929.html;http://draaf.grand-est.agriculture.gouv.fr/Surveillance-des-organismes
http://ontology.inrae.fr/bsv/html/Corpus/Tests/GrandesCultures/html/char_gdes_Cultures_no26_du_14-08-19_cle0fb929.html;http://www.infloweb.fr
http://ontology.inrae.fr/bsv/html/Corpus/Tests/GrandesCultures/html/char_gdes_Cultures_no26_du_14-08-19_cle0fb929.html;http://www.grandest.chambre-agriculture.fr/productions-agricoles/ecophyto/bulletins-de-sante-du-
http://ontology.inrae.fr/bsv/html/Corpus/Tests/GrandesCultures/html/ge_houblon_no6_du_19-06-19_cle41558d.html;http://www.grandest.chambre-agriculture.fr/productions-agricoles/ecophyto/bulletins-de-sante-du-vegetal/
http://ontology.inrae.fr/bsv/html/Corpus/Tests/GrandesCultures/html/ge_houblon_no6_du_19-06-19_cle41558d.html;http://draaf.grand-est.agriculture.gouv.fr/Surveillance-des-organismes
http://ontology.inrae.fr/bsv/html/Corpus/Tests/GrandesCultures/html/ge_houblon_no6_du_19-06-19_cle41558d.html;http://www.infloweb.fr
http://ontology.inrae.fr/bsv/html/Corpus/Tests/GrandesCultures/html/ge_houblon_no6_du_19-06-19_cle41558d.html;http://www.grandest.chambre-agriculture.fr/productions-agricoles/ecophyto/bulletins-de-sante-du-
http://ontology.inrae.fr/bsv/html/Corpus/Tests/Maraichage/html/2019_BSV_Normandie_leg_22_sem35_cle43a9ca.html;https://mailchi.mp/1e805a8b3e0a/aot-2019-la-
http://ontology.inrae.fr/bsv/html/Corpus/Tests/Maraichage/html/2019_BSV_Normandie_leg_22_sem35_cle43a9ca.html;http://www.grab.fr/wp-content/uploads/2016/04/4-fiche-filets-ctifl-.pdf
http://ontology.inrae.fr/bsv/html/Corpus/Tests/Maraichage/html/2019_BSV_Normandie_leg_22_sem35_cle43a9ca.html;http://www.grab.fr/wp-content/uploads/2016/04/4-fiche-filets-ctifl-.pdf
http://ontology.inrae.fr/bsv/html/Corpus/Tests/Maraichage/html/2019_BSV_Normandie_leg_22_sem35_cle43a9ca.html;:https://arena-auximore.fr/wp-content/uploads/2014/12/NOCTUELLE_WEB.pdf
http://ontology.inrae.fr/bsv/html/Corpus/Tests/Maraichage/html/2019_BSV_Normandie_leg_22_sem35_cle43a9ca.html;https://calvados.chambres-agriculture.fr/environnement/ecophyto/biocontrole/
http://ontology.inrae.fr/bsv/html/Corpus/Tests/Maraichage/html/2019_BSV_Normandie_leg_22_sem35_cle43a9ca.html;http://www.ecophytopic.fr/
http://ontology.inrae.fr/bsv/html/Corpus/Tests/Maraichage/html/20190502_BSV_legumes_cle079711.html;http://www.grandest.chambre-agriculture.fr/productions-agricoles/ecophyto/bulletins-de-sante-du-vegetal/;http://draaf.grand-est.agriculture.gouv.fr/Surveillance-des-organismes
http://ontology.inrae.fr/bsv/html/Corpus/Tests/Maraichage/html/20190502_BSV_legumes_cle079711.html;http://www.infloweb.fr
http://ontology.inrae.fr/bsv/html/Corpus/Tests/Maraichage/html/20190731_BSV_legumes_cle01d6c6.html;http://www.infloweb.fr
http://ontology.inrae.fr/bsv/html/Corpus/Tests/Maraichage/html/20190828_BSV_legumes_cle0ede1d.html;http://www.infloweb.fr
http://ontology.inrae.fr/bsv/html/Corpus/Tests/Maraichage/html/BSV_Corse_Maraichage_3_8juillet_2019_cle4de2c4.html;https://corse.chambres-agriculture.fr/agro-ecologie/ecophyto/bulletins-de-sante-du-vegetal-corses/
http://ontology.inrae.fr/bsv/html/Corpus/Tests/Maraichage/html/BSV_Corse_Maraichage_3_8juillet_2019_cle4de2c4.html;http://draaf.corse.agriculture.gouv.fr/Xylella-fastidiosa"
http://ontology.inrae.fr/bsv/html/Corpus/Tests/Maraichage/html/BSV_Corse_Maraichage_3_8juillet_2019_cle4de2c4.html;https://www.anses.fr/fr/system/files/VEG-Fi-XylellaFastidiosa.pdf;http://agriculture.gouv.fr/xylella-fastidiosa-une-bacterie-nuisible-pour-les-vegetaux
http://ontology.inrae.fr/bsv/html/Corpus/Tests/Maraichage/html/BSV_Corse_Maraichage_4_7aout_2019_cle83ed26.html;https://corse.chambres-agriculture.fr/agro-ecologie/ecophyto/bulletins-de-sante-du-vegetal-corses/
http://ontology.inrae.fr/bsv/html/Corpus/Tests/Maraichage/html/BSV_Corse_Maraichage_4_7aout_2019_cle83ed26.html;http://draaf.corse.agriculture.gouv.fr/Xylella-fastidiosa"
http://ontology.inrae.fr/bsv/html/Corpus/Tests/Maraichage/html/BSV_Corse_Maraichage_4_7aout_2019_cle83ed26.html;https://www.anses.fr/fr/system/files/VEG-Fi-XylellaFastidiosa.pdf;http://agriculture.gouv.fr/xylella-fastidiosa-une-bacterie-nuisible-pour-les-vegetaux
http://ontology.inrae.fr/bsv/html/Corpus/Tests/Maraichage/html/BSV_Corse_Maraichage_5_3sept_2019_cle8b6a1e.html;https://corse.chambres-agriculture.fr/agro-ecologie/ecophyto/bulletins-de-sante-du-vegetal-corses/
http://ontology.inrae.fr/bsv/html/Corpus/Tests/Maraichage/html/BSV_Corse_Maraichage_5_3sept_2019_cle8b6a1e.html;https://corse.chambres-agriculture.fr/agro-ecologie/ecophyto/bulletins-de-sante-du-vegetal-corses/
http://ontology.inrae.fr/bsv/html/Corpus/Tests/Maraichage/html/BSV_Legumes_102019_cle8be56a.html;http://www.fredon-npdc.com/fiches/;de_calais___fredon_npdc.pdf;https://blog-ecophytohautsdefrance.fr/wp-content/;uploads/2015/12/Mod%C3%A8le-thrips-du-poireau.pdf
http://ontology.inrae.fr/bsv/html/Corpus/Tests/Maraichage/html/BSV_Legumes_102019_cle8be56a.html;http://www.fredon-npdc.com/fiches/;fiche_technique_thaumatomyia_impression_3__fredon__final.pdf
http://ontology.inrae.fr/bsv/html/Corpus/Tests/Maraichage/html/BSV_Legumes_102019_cle8be56a.html;http://www.fredon-npdc.com/fiches/_2005_26____les_pucerons_des_racines_des_cultures_legumieres_pemphigus_;spp.___fredon_npdc.pdf
http://ontology.inrae.fr/bsv/html/Corpus/Tests/Maraichage/html/BSV_Legumes_102019_cle8be56a.html;http://www.fredon-npdc.com/;npdc.pdf
http://ontology.inrae.fr/bsv/html/Corpus/Tests/Maraichage/html/BSV_Legumes_102019_cle8be56a.html;http://arena-auximore.fr/wp-content/uploads/2014/12/SYRPHE_WEB.pdf
http://ontology.inrae.fr/bsv/html/Corpus/Tests/Maraichage/html/BSV_Legumes_102019_cle8be56a.html;http://www.agro-transfert-rt.org/wp-content/;A9canique.pdf
http://ontology.inrae.fr/bsv/html/Corpus/Tests/Maraichage/html/BSV_Legumes_212019_cle835ca3.html;http://www.arvalis.fr/emailing/ENQUETE_GLYPHOSATE/index.html
http://ontology.inrae.fr/bsv/html/Corpus/Tests/Maraichage/html/BSV_MARAICHAGE_Nord_NA_16__20190822_cle04e172.html;https://www.signalement-adventices.fr/plateforme;http://www.signalement-ambroisie.fr/
http://ontology.inrae.fr/bsv/html/Corpus/Tests/Maraichage/html/BSV_legumes_allium_pomme_de_terre_AURA_2019-8_cle03ef71.html;http://cultures-legumieres.ecophytopic.fr/cultures-legumieres
http://ontology.inrae.fr/bsv/html/Corpus/Tests/Maraichage/html/BSV_legumes_allium_pomme_de_terre_AURA_2019-12_cle449f16.html;http://cultures-legumieres.ecophytopic.fr/cultures-legumieres
http://ontology.inrae.fr/bsv/html/Corpus/Tests/Maraichage/html/BSV_legumes_allium_pomme_de_terre_AURA_2019-14_cle48f73b.html;https://framaforms.org/enquete-punaise-nezara-viridula-1565344869
http://ontology.inrae.fr/bsv/html/Corpus/Tests/Maraichage/html/BSV_legumes_allium_pomme_de_terre_AURA_2019-14_cle48f73b.html;http://cultures-legumieres.ecophytopic.fr/cultures-legumieres
http://ontology.inrae.fr/bsv/html/Corpus/Tests/Maraichage/html/BSV_legumes_allium_pomme_de_terre_AURA_2019_-2_cle45e5c6.html;http://cultures-legumieres.ecophytopic.fr/cultures-legumieres
http://ontology.inrae.fr/bsv/html/Corpus/Tests/Maraichage/html/bsv_maraichage_lr_n13_26-06-2019_cle03aab1.html;http://agriculture.gouv.fr/quest-ce-que-le-biocontrole.fr.
http://ontology.inrae.fr/bsv/html/Corpus/Tests/Maraichage/html/bsv_maraichage_lr_n13_26-06-2019_cle03aab1.html;http://agriculture.gouv.fr/quest-ce-que-le-
http://ontology.inrae.fr/bsv/html/Corpus/Tests/Maraichage/html/bsv_maraichage_lr_n13_26-06-2019_cle03aab1.html;http://agriculture.gouv.fr/quest-ce-que-le-
http://ontology.inrae.fr/bsv/html/Corpus/Tests/Maraichage/html/bsv_maraichage_lr_n13_26-06-2019_cle03aab1.html;http://ephytia.inra.fr
http://ontology.inrae.fr/bsv/html/Corpus/Tests/Maraichage/html/bsv_maraichage_lr_n13_26-06-2019_cle03aab1.html;http://agriculture.gouv.fr/quest-ce-que-le-
http://ontology.inrae.fr/bsv/html/Corpus/Tests/Maraichage/html/bsv_maraichage_lr_n13_26-06-2019_cle03aab1.html;http://agriculture.gouv.fr/quest-ce-que-le-biocontrole.fr
http://ontology.inrae.fr/bsv/html/Corpus/Tests/Maraichage/html/bsv_maraichage_lr_n13_26-06-2019_cle03aab1.html;http://ephytia.inra.fr
http://ontology.inrae.fr/bsv/html/Corpus/Tests/Maraichage/html/bsv_maraichage_lr_n13_26-06-2019_cle03aab1.html;http://ephytia.inra.fr
http://ontology.inrae.fr/bsv/html/Corpus/Tests/Maraichage/html/bsv_maraichage_lr_n13_26-06-2019_cle03aab1.html;http://ephytia.inra.fr/fr/C/7937/Melon-Principaux-symptomes).
http://ontology.inrae.fr/bsv/html/Corpus/Tests/Maraichage/html/bsv_maraichage_lr_n13_26-06-2019_cle03aab1.html;http://agriculture.gouv.fr/quest-ce-que-le-biocontrole.fr
http://ontology.inrae.fr/bsv/html/Corpus/Tests/Maraichage/html/bsv_maraichage_lr_n13_26-06-2019_cle03aab1.html;http://agriculture.gouv.fr/quest-
http://ontology.inrae.fr/bsv/html/Corpus/Tests/Maraichage/html/bsv_maraichage_lr_n13_26-06-2019_cle03aab1.html;http://agriculture.gouv.fr/quest-ce-que-le-biocontrole.fr
http://ontology.inrae.fr/bsv/html/Corpus/Tests/Maraichage/html/bsv_maraichage_lr_n13_26-06-2019_cle03aab1.html;http://agriculture.gouv.fr/quest-ce-que-le-
http://ontology.inrae.fr/bsv/html/Corpus/Tests/Maraichage/html/bsv_maraichage_lr_n13_26-06-2019_cle03aab1.html;http://agriculture.gouv.fr/quest-ce-que-le-biocontrole.fr
http://ontology.inrae.fr/bsv/html/Corpus/Tests/Maraichage/html/bsv_maraichage_lr_n13_26-06-2019_cle03aab1.html;http://agriculture.gouv.fr/quest-ce-que-le-biocontrole.fr
http://ontology.inrae.fr/bsv/html/Corpus/Tests/Maraichage/html/bsv_maraichage_lr_n13_26-06-2019_cle03aab1.html;http://agriculture.gouv.fr/quest-ce-que-le-
http://ontology.inrae.fr/bsv/html/Corpus/Tests/Maraichage/html/bsv_maraichage_lr_n19_16102019_cle08165a.html;http://agriculture.gouv.fr/quest-ce-que-le-
http://ontology.inrae.fr/bsv/html/Corpus/Tests/Maraichage/html/bsv_maraichage_lr_n19_16102019_cle08165a.html;http://agriculture.gouv.fr/quest-ce-que-le-
http://ontology.inrae.fr/bsv/html/Corpus/Tests/Maraichage/html/bsv_maraichage_lr_n19_16102019_cle08165a.html;http://agriculture.gouv.fr/quest-ce-que-le-biocontrole.
http://ontology.inrae.fr/bsv/html/Corpus/Tests/Maraichage/html/bsv_maraichage_lr_n19_16102019_cle08165a.html;http://agriculture.gouv.fr/quest-ce-que-le-biocontrole.
http://ontology.inrae.fr/bsv/html/Corpus/Tests/Maraichage/html/bsv_maraichage_lr_n19_16102019_cle08165a.html;http://agriculture.gouv.fr/quest-ce-que-le-biocontrole.
http://ontology.inrae.fr/bsv/html/Corpus/Tests/Maraichage/html/bsv_maraichage_lr_n19_16102019_cle08165a.html;http://agriculture.gouv.fr/quest-ce-que-le-biocontrole.
http://ontology.inrae.fr/bsv/html/Corpus/Tests/Maraichage/html/bsv_maraichage_lr_n19_16102019_cle08165a.html;http://agriculture.gouv.fr/quest-ce-que-le-biocontrole.
http://ontology.inrae.fr/bsv/html/Corpus/Tests/Maraichage/html/bsv_maraichage_lr_n19_16102019_cle08165a.html;http://agriculture.gouv.fr/quest-ce-que-le-biocontrole.
http://ontology.inrae.fr/bsv/html/Corpus/Tests/Maraichage/html/bsv_maraichage_lr_n19_16102019_cle08165a.html;http://agriculture.gouv.fr/quest-ce-que-le-biocontrole
http://ontology.inrae.fr/bsv/html/Corpus/Tests/Maraichage/html/bsv_maraichage_lr_n19_16102019_cle08165a.html;http://agriculture.gouv.fr/quest-ce-que-le-biocontrole
http://ontology.inrae.fr/bsv/html/Corpus/Tests/Maraichage/html/bsv_maraichage_lr_n19_16102019_cle08165a.html;http://agriculture.gouv.fr/quest-ce-que-le-biocontrole
http://ontology.inrae.fr/bsv/html/Corpus/Tests/Maraichage/html/bsv_maraichage_lr_n19_16102019_cle08165a.html;http://agriculture.gouv.fr/quest-ce-que-le-biocontrole
http://ontology.inrae.fr/bsv/html/Corpus/Tests/Maraichage/html/bsv_maraichage_lr_n19_16102019_cle08165a.html;http://agriculture.gouv.fr/quest-ce-que-le-biocontrole
http://ontology.inrae.fr/bsv/html/Corpus/Tests/Maraichage/html/bsv_maraichage_lr_n19_16102019_cle08165a.html;http://agriculture.gouv.fr/quest-ce-que-le-biocontrole
http://ontology.inrae.fr/bsv/html/Corpus/Tests/Maraichage/html/bsv_maraichage_lr_n22_11122019_cle073bba.html;http://agriculture.gouv.fr/quest-ce-que-le-biocontrole.
http://ontology.inrae.fr/bsv/html/Corpus/Tests/Maraichage/html/bsv_maraichage_lr_n22_11122019_cle073bba.html;http://agriculture.gouv.fr/quest-ce-que-le-biocontrole.
http://ontology.inrae.fr/bsv/html/Corpus/Tests/Maraichage/html/bsv_maraichage_lr_n22_11122019_cle073bba.html;http://agriculture.gouv.fr/quest-ce-que-le-biocontrole.
http://ontology.inrae.fr/bsv/html/Corpus/Tests/Maraichage/html/bsv_maraichage_lr_n22_11122019_cle073bba.html;http://agriculture.gouv.fr/quest-ce-que-le-biocontrole.
http://ontology.inrae.fr/bsv/html/Corpus/Tests/Maraichage/html/bsv_maraichage_lr_n22_11122019_cle073bba.html;http://agriculture.gouv.fr/quest-ce-que-le-biocontrole.
http://ontology.inrae.fr/bsv/html/Corpus/Tests/Maraichage/html/bsv_maraichage_lr_n22_11122019_cle073bba.html;http://agriculture.gouv.fr/quest-ce-que-le-
http://ontology.inrae.fr/bsv/html/Corpus/Tests/Maraichage/html/bsv_maraichage_lr_n22_11122019_cle073bba.html;http://agriculture.gouv.fr/quest-ce-que-le-biocontrole
http://ontology.inrae.fr/bsv/html/Corpus/Tests/Maraichage/html/bsv_maraichage_n04_10052019_cle0fbc6b.html;http://agriculture.gouv.fr/quest-ce-que-le-biocontrole.
http://ontology.inrae.fr/bsv/html/Corpus/Tests/Maraichage/html/bsv_maraichage_n15_23082018_cle0775f5.html;http://agriculture.gouv.fr/quest-ce-
http://ontology.inrae.fr/bsv/html/Corpus/Tests/Maraichage/html/bsv_maraichage_n15_23082018_cle0775f5.html;https://info.agriculture.gouv.fr/gedei/site/bo-agri/
http://ontology.inrae.fr/bsv/html/Corpus/Tests/Maraichage/html/bsv_maraichage_n19_10102019_cle038cd4.html;http://ephytia.inra.fr/fr/C/26340/Tropileg-Nervation-noire-du-chou-X-campestris
http://ontology.inrae.fr/bsv/html/Corpus/Tests/Maraichage/html/bsv_maraichage_no2_du_25_Janvier_2019_cle0d6ef7.html;http://www.aprel.fr/pdfPhytos/0Fiche_Tuta_APREL_GRAB.pdfhttp://www.aprel.fr/pdfPhytos/0Strategies_de_protection_contre_Tuta_absoluta_-_TutaPI.pdf
http://ontology.inrae.fr/bsv/html/Corpus/Tests/Maraichage/html/bsv_maraichage_no9_du_03_Mai_2019_cle842127.html;http://www.aprel.fr/pdfPhytos/0Fiche_Tuta_APREL_GRAB.pdfhttp://www.aprel.fr/pdfPhytos/0Strategies_de_protection_contre_Tuta_absoluta_-_TutaPI.pdf
http://ontology.inrae.fr/bsv/html/Corpus/Tests/Maraichage/html/bsv_maraichage_no9_du_03_Mai_2019_cle842127.html;http://fredoncorse.com/ravageurs/Noctuelle_mediterraneenne.html
http://ontology.inrae.fr/bsv/html/Corpus/Tests/Maraichage/html/bsv_maraichage_no9_du_03_Mai_2019_cle842127.html;http://ephytia.inra.fr/fr/C/4999/Tomate-Passalora-fulva-cladosporiose
http://ontology.inrae.fr/bsv/html/Corpus/Tests/Maraichage/html/bsv_maraichage_no9_du_03_Mai_2019_cle842127.html;http://www.aprel.fr/publication.phpTout
http://ontology.inrae.fr/bsv/html/Corpus/Tests/Maraichage/html/bsv_maraichage_no13_du_18_juillet_2018-2_cle0745d8.html;http://
http://ontology.inrae.fr/bsv/html/Corpus/Tests/Maraichage/html/bsv_maraichage_no13_du_18_juillet_2018-2_cle0745d8.html;http://ephytia.inra.fr
http://ontology.inrae.fr/bsv/html/Corpus/Tests/Maraichage/html/bsv_maraichage_no17_du_09_Septembre_2019_cle0c1c44.html;http://www.aprel.fr/pdfPhytos/0Fiche_Tuta_APREL_GRAB.pdf;http://www.aprel.fr/pdfPhytos/0Strategies_de_protection_contre_Tuta_absoluta_-_TutaPI.pdf
http://ontology.inrae.fr/bsv/html/Corpus/Tests/Maraichage/html/bsv_maraichage_no17_du_09_Septembre_2019_cle0c1c44.html;http://ephytia.inra.fr/fr/C/4999/Tomate-Passalora-fulva-cladosporiose
http://ontology.inrae.fr/bsv/html/Corpus/Tests/Maraichage/html/bsv_maraichage_no17_du_09_Septembre_2019_cle0c1c44.html;https://gd.eppo.int/taxon/TOBRFV/distribution;https://gd.eppo.int/taxon/TOBRFV/photos
http://ontology.inrae.fr/bsv/html/Corpus/Tests/Maraichage/html/bsv_maraichage_no17_du_09_Septembre_2019_cle0c1c44.html;http://www.aprel.fr/publication.php
http://ontology.inrae.fr/bsv/html/Corpus/Tests/Maraichage/html/bsv_maraichage_no17_du_09_Septembre_2019_cle0c1c44.html;http://draaf.paca.agriculture.gouv.fr/IMG/pdf/Fiche_Spodoptera_frugiperda_cle07cf52.pdf
http://ontology.inrae.fr/bsv/html/Corpus/Tests/Maraichage/html/bsv_maraichage_no18_du_20_Septembre_2019_cle01c961.html;http://www.aprel.fr/pdfPhytos/0Fiche_Tuta_APREL_GRAB.pdfhttp://www.aprel.fr/pdfPhytos/0Strategies_de_protection_contre_Tuta_absoluta_-_TutaPI.pdf
http://ontology.inrae.fr/bsv/html/Corpus/Tests/Maraichage/html/bsv_maraichage_no18_du_20_Septembre_2019_cle01c961.html;http://ephytia.inra.fr/fr/C/20532/Agiir-Punaise-diabolique
http://ontology.inrae.fr/bsv/html/Corpus/Tests/Maraichage/html/bsv_maraichage_no18_du_20_Septembre_2019_cle01c961.html;http://ephytia.inra.fr/fr/C/4999/Tomate-Passalora-fulva-cladosporiose
http://ontology.inrae.fr/bsv/html/Corpus/Tests/Maraichage/html/bsv_maraichage_no18_du_20_Septembre_2019_cle01c961.html;https://gd.eppo.int/taxon/TOBRFV/distribution;https://gd.eppo.int/taxon/TOBRFV/photos
http://ontology.inrae.fr/bsv/html/Corpus/Tests/Maraichage/html/bsv_maraichage_no18_du_20_Septembre_2019_cle01c961.html;http://www.aprel.fr/publication.php
http://ontology.inrae.fr/bsv/html/Corpus/Tests/Maraichage/html/bsv_maraichage_no18_du_20_Septembre_2019_cle01c961.html;http://ephytia.inra.fr/fr/C/20532/Agiir-Punaise-diabolique
http://ontology.inrae.fr/bsv/html/Corpus/Tests/Maraichage/html/bsv_maraichage_no18_du_20_Septembre_2019_cle01c961.html;http://draaf.paca.agriculture.gouv.fr/IMG/pdf/Fiche_Spodoptera_frugiperda_cle07cf52.pdf
http://ontology.inrae.fr/bsv/html/Corpus/Vespa/html/11_-_BSV_Grandes_cultures_S18-2-1_cle8d5b6e.html;http://www.champagrica.fr/-16-BSV-et;http://www.draaf.champagne-ardenne.agriculture.gouv.fr/Bulletin-de-Sante-du-Vegetal-BSV
http://ontology.inrae.fr/bsv/html/Corpus/Vespa/html/14_bsv_vigne_05_juillet_2012_cle856631.html;http://www.agrilianet.com/vegetal/surveillance-biologique-du-territoire.html
http://ontology.inrae.fr/bsv/html/Corpus/Vespa/html/18_BSV_GC_02072013_cle8e434e.html;https://docs.google.com/forms/d/16uacwP
http://ontology.inrae.fr/bsv/html/Corpus/Vespa/html/21_BSV_LEG_0809011_cle81ee2d.html;http://www.bas-rhin.chambagri.fr/questionnaires/bsvlegume.htm
http://ontology.inrae.fr/bsv/html/Corpus/Vespa/html/2013_BSV_calvados_htenormandie_06_noteAbeille_cle0c95a3.html;http://www.quickfds.com;http://www.phytodata.com
http://ontology.inrae.fr/bsv/html/Corpus/Vespa/html/2013_BSV_calvados_htenormandie_06_noteAbeille_cle0c95a3.html;http://e-phy.agriculture.gouv.fr
http://ontology.inrae.fr/bsv/html/Corpus/Vespa/html/2013_BSV_manche_20_cle86aa6e.html;https://docs.google.com/forms/d/16uacwPWGeAdDMVrv2fa9o5zalMpEcjj1jp4So
http://ontology.inrae.fr/bsv/html/Corpus/Vespa/html/130709_bu-arbo17_cle4212ae.html;https://docs.google.com/forms/d/16uacwPWGeAdDMVrv2fa9o5zalMpEcjj1jp4SoYHRRxA/viewform
http://ontology.inrae.fr/bsv/html/Corpus/Vespa/html/1300514_bu_gc12_cle02f1cf.html;http://draf.bretagne.agriculture.gouv.fr.
http://ontology.inrae.fr/bsv/html/Corpus/Vespa/html/20130606_bsv_maraichage_13_cle46d94d.html;http://cultures-legumieres.ecophytopic.fr/cultures-legumieres
http://ontology.inrae.fr/bsv/html/Corpus/Vespa/html/20130912_bsv_maraichage_26_cle4ed671.html;http://draaf.pays-de-la-loire.agriculture.gouv.fr/IMG/pdf/;cle0187cd.pdf
http://ontology.inrae.fr/bsv/html/Corpus/Vespa/html/20130912_bsv_maraichage_26_cle4ed671.html;http://cultures-legumieres.ecophytopic.fr/cultures-legumieres
http://ontology.inrae.fr/bsv/html/Corpus/Vespa/html/BSV-GC-PC26_cle4d3356.html;http://draaf.poitou-charentes.agriculture.gouv.fr
http://ontology.inrae.fr/bsv/html/Corpus/Vespa/html/BSV-GC-PC73_cle485a11.html;http://www.sante.gouv.fr/l-ambroisie-plante-tres-allergisante-doit-etre-eliminee-avant-le-demarrage-de-sa-floraison.html;http://www.ambroisie-poitou-charentes.fr/
http://ontology.inrae.fr/bsv/html/Corpus/Vespa/html/BSV-OLEAGINEUX-No2-14_cle4a8175.html;http://www.cetiom.fr/outils/detail/outils/4/
http://ontology.inrae.fr/bsv/html/Corpus/Vespa/html/BSV-viti-RA-no-17-30-07_2013_cle8ea985.html;https://docs.google.com/forms/d/16uacwPWGeAdDMVrv2fa9o5zalMpEcjj1jp4SoYHRRxA/vi
http://ontology.inrae.fr/bsv/html/Corpus/Vespa/html/BSVHorti_230910_cle01f644.html;http://www.onema.fr/Seminaire-gestion-des-especes
http://ontology.inrae.fr/bsv/html/Corpus/Vespa/html/BSV_1_chataigne_7juin2013_cle03a2d9.html;http://draaf.limousin.agriculture.gouv.fr/Cynips-du-chataignier
http://ontology.inrae.fr/bsv/html/Corpus/Vespa/html/BSV_1_chataigne_7juin2013_cle03a2d9.html;http://ddaf33.agriculture.gouv.fr/Cynips-du-chataignier
http://ontology.inrae.fr/bsv/html/Corpus/Vespa/html/BSV_1_chataigne_7juin2013_cle03a2d9.html;http://draaf.midi-pyrenees.agriculture.gouv.fr/Cynips-du-chataignier
http://ontology.inrae.fr/bsv/html/Corpus/Vespa/html/BSV_2_chataigne_28juin2012_cle4ef6f6.html;http://draaf.limousin.agriculture.gouv.fr/Cynips-du-chataignierAquitaine;http://ddaf33.agriculture.gouv.fr/Cynips-du-chataignierMidi-Pyrénées;http://draaf.midi-pyrenees.agriculture.gouv.fr/Cynips-du-chataignier
http://ontology.inrae.fr/bsv/html/Corpus/Vespa/html/BSV_3_chataigne_30juillet2013_cle85215d.html;http://limousin.synagri.com).
http://ontology.inrae.fr/bsv/html/Corpus/Vespa/html/BSV_3_chataigne_30juillet2013_cle85215d.html;http://draaf.limousin.agriculture.gouv.fr/Cynips-du-chataignier
http://ontology.inrae.fr/bsv/html/Corpus/Vespa/html/BSV_3_chataigne_30juillet2013_cle85215d.html;http://ddaf33.agriculture.gouv.fr/Cynips-du-chataignier
http://ontology.inrae.fr/bsv/html/Corpus/Vespa/html/BSV_3_chataigne_30juillet2013_cle85215d.html;http://draaf.midi-pyrenees.agriculture.gouv.fr/Cynips-du-chataignier
http://ontology.inrae.fr/bsv/html/Corpus/Vespa/html/BSV_26BOU_GC_2010_02_23_09.html;http://
http://ontology.inrae.fr/bsv/html/Corpus/Vespa/html/BSV_43FCO_GC_2009_07_28_20.html;http://www.franche-comte.pref.gouv.fr/agriculture-h395.html
http://ontology.inrae.fr/bsv/html/Corpus/Vespa/html/BSV_AUVERGNE_N_14_DU_30_04_13_cle897e81.html;http://www.cetiom.fr/tournesol/cultiver-du-tournesol/ravageurs/limaces/facteurs-favorables/
http://ontology.inrae.fr/bsv/html/Corpus/Vespa/html/BSV_AUVERGNE_N_14_DU_30_04_13_cle897e81.html;http://www.cetiom.fr/tournesol/cultiver-du-tournesol/guide-oiseaux/
http://ontology.inrae.fr/bsv/html/Corpus/Vespa/html/BSV_Agrumes_Kiwi_1_27mai2013.html;http://www.cra-corse.fr/no;http://www.cra-corse.fr/no
http://ontology.inrae.fr/bsv/html/Corpus/Vespa/html/BSV_Agrumes_Kiwi_2_5juin2013.html;http://www.cra-corse.fr/no;http://www.cra-corse.fr/no
http://ontology.inrae.fr/bsv/html/Corpus/Vespa/html/BSV_Arboriculture-Fruits_transformes_Bretagne-Normandie-Pays_de_la_Loire_no11_du_09-05-2012_cle4117c7.html;http://www.agrilianet.com/vegetal/surveillance-biologique-du-territoire.htmlPour
http://ontology.inrae.fr/bsv/html/Corpus/Vespa/html/BSV_Arboriculture-Fruits_transformes_Bretagne-Normandie-Pays_de_la_Loire_no12_du_15-05-2012_cle415e3e.html;http://www.agrilianet.com/vegetal/surveillance-biologique-du-territoire.htmlPour
http://ontology.inrae.fr/bsv/html/Corpus/Vespa/html/BSV_Arboriculture_n_34_du_1er_juin_2012_cle81dcf7.html;http:\\draaf.nord-pas-de-calais.agriculture.gouv.fr,
http://ontology.inrae.fr/bsv/html/Corpus/Vespa/html/BSV_Arboriculture_no24_du_27_mai_2011_cle0225f1.html;http:\\draaf.nord-pas-de-calais.agriculture.gouv.fr,
http://ontology.inrae.fr/bsv/html/Corpus/Vespa/html/BSV_Arboriculture_no47_du_27_juin_2012_cle85d7b3.html;http:\\draaf.nord-pas-de-calais.agriculture.gouv.fr,
http://ontology.inrae.fr/bsv/html/Corpus/Vespa/html/BSV_Cultures_Legumieres_No117_cle8542c6.html;http://draaf.poitou-charentes.agriculture.gouv.fr/Cultures-legumieres-2014
http://ontology.inrae.fr/bsv/html/Corpus/Vespa/html/BSV_FC_Vigne10_070611.html;http://draaf.franche-comte.agriculture.gouv.fr/rubrique.php3?id
http://ontology.inrae.fr/bsv/html/Corpus/Vespa/html/BSV_GC_02-09-2014_28_cle05178c.html;http://www.cetiom.fr/colza/cultiver-du-colza/ravageurs/insectes/surveillance/
http://ontology.inrae.fr/bsv/html/Corpus/Vespa/html/BSV_GC_02-09-2014_28_cle05178c.html;http://draaf.pays-de-la-loire.agriculture.gouv.fr/spip.php?page=article&id
http://ontology.inrae.fr/bsv/html/Corpus/Vespa/html/BSV_GC_02-09-2014_28_cle05178c.html;http://grandes-cultures.ecophytopic.fr/grandes-cultures
http://ontology.inrae.fr/bsv/html/Corpus/Vespa/html/BSV_GC_13_LIM_27avril2010_cle088887-1.html;http://www.cetiom.fr/fileadmin/cetiom/Cultures/Colza/maladies/note;2010.pdf
http://ontology.inrae.fr/bsv/html/Corpus/Vespa/html/BSV_GC_MP_10_11.html;ttp://www.cetiom.fr/fileadmin/cetiom/Cultures/Colza/maladies/note;2010.pdf
http://ontology.inrae.fr/bsv/html/Corpus/Vespa/html/BSV_GC_du_11_fevrier_2014_2_cle01b924.html;http://grandes-cultures.ecophytopic.fr/grandes-cultures
http://ontology.inrae.fr/bsv/html/Corpus/Vespa/html/BSV_Legumes_no5_du_8_juillet_2010_cle8f441d.html;http://www.cetiom.fr/orobanche/
http://ontology.inrae.fr/bsv/html/Corpus/Vespa/html/BSV_NOIX_SO_9_06092013.html;http://draaf.aquitaine.agriculture.gouv.fr/;http://draaf.midi-pyrenees.agriculture.gouv.fr/;http://draaf.poitou-charentes.agriculture.gouv.fr/
http://ontology.inrae.fr/bsv/html/Corpus/Vespa/html/BSV_NOIX_SO_11_16aout2012_cle0fdb85.html;http://www.limousin.synagri.com/),
http://ontology.inrae.fr/bsv/html/Corpus/Vespa/html/BSV_N_02-viticulture-17.04.2012.html;http://www.vignevin-epicure.com/index.php/fre/Saisie/Alertes
http://ontology.inrae.fr/bsv/html/Corpus/Vespa/html/BSV_N_06-Fraise-Framboise-19.04.2012.html;http://www.quickfds.com;http://www.phytodata.com
http://ontology.inrae.fr/bsv/html/Corpus/Vespa/html/BSV_N_06-Fraise-Framboise-19.04.2012.html;http://e-phy.agriculture.gouv.fr
http://ontology.inrae.fr/bsv/html/Corpus/Vespa/html/BSV_N_1-Pepi-Bilan_2012-22.01.2013.html;http://
http://ontology.inrae.fr/bsv/html/Corpus/Vespa/html/BSV_N_6_-_ZNA_-_2013.09.17.html;http://agriculture.gouv.fr/IMG/pdf/lettre;le09452c.pdf
http://ontology.inrae.fr/bsv/html/Corpus/Vespa/html/BSV_N_6_-_ZNA_-_2013.09.17.html;http://www.fredon-aquitaine.fr/fredon/ambroisie/documents/CommunicationFredon/Fiche%20Signalemen%20Ambroisie.pdf
http://ontology.inrae.fr/bsv/html/Corpus/Vespa/html/BSV_N_9-Grandes_Cultures-2013.04.11.html;http://www.cetiom.fr/colza/cultiver-du-colza/atouts-rendez-vous/stades-reperes/
http://ontology.inrae.fr/bsv/html/Corpus/Vespa/html/BSV_N_10_-_ZNA_-_Bilan-2014.12.11.html;http://www.fredon-aquitaine.fr/fredon/cynips/cynips.php
http://ontology.inrae.fr/bsv/html/Corpus/Vespa/html/BSV_N_10_-_ZNA_-_Bilan-2014.12.11.html;http://www.fredon-aquitaine.fr/fredon/bsv;7mars2014.pdf
http://ontology.inrae.fr/bsv/html/Corpus/Vespa/html/BSV_N_12-ARBO-15.05.2012.html;http://draaf.aquitaine.agriculture.gouv.fr/IMG/pdf/FR;cle8c47f7.pdf
http://ontology.inrae.fr/bsv/html/Corpus/Vespa/html/BSV_N_13-Viticulture-03.07.2012.html;http://www.vignevin-epicure.com/index.php/fre/Saisie/alertes
http://ontology.inrae.fr/bsv/html/Corpus/Vespa/html/BSV_N_13-Viticulture-03.07.2012.html;http://ddaf33.agriculture.gouv.fr/IMG/pdf/BSV;cle082144.pdf
http://ontology.inrae.fr/bsv/html/Corpus/Vespa/html/BSV_N_18-Viticulture-07.08.2012.html;http://www.vignevin-epicure.com/index.php/fre/Saisie/alertes
http://ontology.inrae.fr/bsv/html/Corpus/Vespa/html/BSV_N_18-Viticulture-07.08.2012.html;http://ddaf33.agriculture.gouv.fr/IMG/pdf/communique;cle8f2a1c.pdf
http://ontology.inrae.fr/bsv/html/Corpus/Vespa/html/BSV_N_18-Viticulture-07.08.2012.html;http://www.vignevin-epicure.com/index.php/fre/Saisie/Alertes
http://ontology.inrae.fr/bsv/html/Corpus/Vespa/html/BSV_N_18-Viticulture-07.08.2012.html;http://www.vignevin-epicure.com
http://ontology.inrae.fr/bsv/html/Corpus/Vespa/html/BSV_N_19-Grandes_Cultures-2014.06.19.html;http://www.cetiom.fr/tournesol/cultiver-du-tournesol/maladies/verticillium/
http://ontology.inrae.fr/bsv/html/Corpus/Vespa/html/BSV_N_23-Grandes_Cultures-2014.07.18.html;http://www.aquitainagri.fr/fileadmin/documents;2014.pdf
http://ontology.inrae.fr/bsv/html/Corpus/Vespa/html/BSV_OLEAGINEUX_No9-14_V1-1_cle4c733d.html;http://www.cetiom.fr/outils/detail/outils/4/
http://ontology.inrae.fr/bsv/html/Corpus/Vespa/html/BSV_PACA_1_18032014_cle862463.html;http://afidol.org/fichiers/pierce.pdf
http://ontology.inrae.fr/bsv/html/Corpus/Vespa/html/BSV_PACA_5_03072012_cle819e12.html;http://www.afidol.info/content/view/902/1
http://ontology.inrae.fr/bsv/html/Corpus/Vespa/html/BSV_PACA_5_03072012_cle819e12.html;http://afidol.org/tracoliv/records/choixAnneeCarte/bactro
http://ontology.inrae.fr/bsv/html/Corpus/Vespa/html/BSV_PACA_5_03072012_cle819e12.html;http://www.itsap.asso.fr
http://ontology.inrae.fr/bsv/html/Corpus/Vespa/html/BSV_PACA_12_01102013_cle0519e6.html;http://afidol.org/tracoliv/records/accueilInternaute
http://ontology.inrae.fr/bsv/html/Corpus/Vespa/html/BSV_RA_Arbono16du03062014_cle0a9b1f.html;http://draaf.rhone-alpes.agriculture.gouv.fr/IMG/pdf/Note;cle0fa984.pdf
http://ontology.inrae.fr/bsv/html/Corpus/Vespa/html/BSV_RA_Arbono16du03062014_cle0a9b1f.html;http://draaf.rhone-alpes.agriculture.gouv.fr/IMG/pdf/Note;cle87a536-4.pdf
http://ontology.inrae.fr/bsv/html/Corpus/Vespa/html/BSV_RA_Arbono20du26062012_cle0e141e.html;http://draaf.rhone-alpes.agriculture.gouv.fr/note-technique-feu-bacterien-2012
http://ontology.inrae.fr/bsv/html/Corpus/Vespa/html/BSV_RA_Arbono22du02072013_cle01ede7.html;http://draaf.rhone-alpes.agriculture.gouv.fr/note-technique-feu-bacterien-2012
http://ontology.inrae.fr/bsv/html/Corpus/Vespa/html/BSV_RA_Arbono22du02072013_cle01ede7.html;http://draaf.rhone-alpes.agriculture.gouv.fr/IMG/pdf/Note;cle87a536.pdf
http://ontology.inrae.fr/bsv/html/Corpus/Vespa/html/BSV_RA_Arbono23du17072012_cle0139a2.html;http://draaf.rhone-alpes.agriculture.gouv.fr/note-technique-feu-bacterien-2012
http://ontology.inrae.fr/bsv/html/Corpus/Vespa/html/BSV_RA_Arbono30du10092013_cle067bb6.html;http://draaf.rhone-alpes.agriculture.gouv.fr/note-technique-feu-bacterien-2012
http://ontology.inrae.fr/bsv/html/Corpus/Vespa/html/BSV_ZNA_N3_06_08_2010_cle4c36c7.html;http://www.ambroisie.info/Plus;http://www.ambroisie.info/pages/conn1.htm
http://ontology.inrae.fr/bsv/html/Corpus/Vespa/html/BSV_ZNA_N3_06_08_2010_cle4c36c7.html;http://www.tela-botanica.org/eflore/BDNFF/4.02/nn/4066/synthese
http://ontology.inrae.fr/bsv/html/Corpus/Vespa/html/BSV_ZNA_N3_06_08_2010_cle4c36c7.html;http://www.ambroisie.info/pages/reconn.htm
http://ontology.inrae.fr/bsv/html/Corpus/Vespa/html/BSV_ZNA_N3_06_08_2010_cle4c36c7.html;http://www.cps-skew.ch/francais/inva;f.pdf;http://www.ambroisie.info/docs/ambrosia;fra.pdf
http://ontology.inrae.fr/bsv/html/Corpus/Vespa/html/BSV_ZNA_N3_06_08_2010_cle4c36c7.html;http://www.sante-
http://ontology.inrae.fr/bsv/html/Corpus/Vespa/html/BSV_ZNA_N7_03_08_2011_cle431c59.html;http://www.ambroisie.info/pages/conn1.htm;http://www.tela-botanica.org/eflore/BDNFF/4.02/nn/4066/synthese
http://ontology.inrae.fr/bsv/html/Corpus/Vespa/html/BSV_ZNA_N7_03_08_2011_cle431c59.html;http://www.ambroisie.info/pages/reconn.htm;http://www.cps-skew.ch/francais/inva;f.pdf;http://www.ambroisie.info/docs/ambrosia;fra.pdf
http://ontology.inrae.fr/bsv/html/Corpus/Vespa/html/BSV_ZNA_N7_03_08_2011_cle431c59.html;http://www.sante.gouv.fr/l-ambroisie-plante-tres-allergisante-doit-etre-eliminee-avant-le-demarrage-de-sa-floraison.html
http://ontology.inrae.fr/bsv/html/Corpus/Vespa/html/BSV_bilan_2013_Fruits_a_coque_cle823adf.html;http://draaf.rhone-alpes.agriculture.gouv.fr/Cynips-du-chataigner-les-zones-de
http://ontology.inrae.fr/bsv/html/Corpus/Vespa/html/BSV_colza_normandie_No6_semaine_41_du_3-10_au_9-10-2012_v1_cle8199f1.html;http://www.cetiom.fr/colza/cultiver-du-colza/maladies/phoma/lutte/
http://ontology.inrae.fr/bsv/html/Corpus/Vespa/html/BSV_grandes_cultures_12-20_cle48bba7.html;http://www.cetiom.fr/tournesol/cultiver-du-tournesol/desherbage/tournesol-sauvage/reconnaissance/
http://ontology.inrae.fr/bsv/html/Corpus/Vespa/html/BSV_juin2013_cle08ce1a-1.html;https://docs.google.com/forms/d/16uacwPWGeAdDMVrv2fa9o5zalMpEcjj1jp4SoYHRRxA/viewform
http://ontology.inrae.fr/bsv/html/Corpus/Vespa/html/BSV_legumes_frais_no8_18_mai_2012_cle8f7dbc.html;http://draf.bretagne.agriculture.gouv.fr/
http://ontology.inrae.fr/bsv/html/Corpus/Vespa/html/BSV_no9_du_15-04-14_cle81cb1c.html;http://draf.bretagne.agriculture.gouv.fr.
http://ontology.inrae.fr/bsv/html/Corpus/Vespa/html/BSV_no12_du_06-05-14_cle0cdc21.html;http://draf.bretagne.agriculture.gouv.fr.
http://ontology.inrae.fr/bsv/html/Corpus/Vespa/html/BSV_no15_du_27-05-14_cle0f3e54.html;http://draf.bretagne.agriculture.gouv.fr.
http://ontology.inrae.fr/bsv/html/Corpus/Vespa/html/Bulletin-de-sante-du-vegetal-no1-1842.html;http://www.mp.chambagri.fr
http://ontology.inrae.fr/bsv/html/Corpus/Vespa/html/Bulletin-de-sante-du-vegetal-no1-1842.html;http://draaf.midi-pyrenees.agriculture.gouv.fr
http://ontology.inrae.fr/bsv/html/Corpus/Vespa/html/Bulletin-de-sante-du-vegetal-no12-1877.html;http://draaf.midi-pyrenees.agriculture.gouv.fr
http://ontology.inrae.fr/bsv/html/Corpus/Vespa/html/Bulletin-de-sante-du-vegetal-no24.html;http://draaf.midi-pyrenees.agriculture.gouv.fr
http://ontology.inrae.fr/bsv/html/Corpus/Vespa/html/Note_nationale_Ambroisie_1_BSV_21_cle812a7a.html;http://www.ambroisie.info/pages/conn1.htm;http://www.tela-botanica.org/eflore/BDNFF/4.02/nn/4066/synthese
http://ontology.inrae.fr/bsv/html/Corpus/Vespa/html/Note_nationale_Ambroisie_1_BSV_21_cle812a7a.html;http://www.ambroisie.info/pages/reconn.htm;http://www.cps-skew.ch/francais/inva;f.pdf;http://www.ambroisie.info/docs/ambrosia;fra.pdf
http://ontology.inrae.fr/bsv/html/Corpus/Vespa/html/Note_nationale_Ambroisie_1_BSV_21_cle812a7a.html;http://www.sante.gouv.fr/l-ambroisie-plante-tres-allergisante-doit-etre-eliminee-avant-le-demarrage-de-sa-floraison.html
http://ontology.inrae.fr/bsv/html/Corpus/Vespa/html/Note_nationale_Ambroisie_cle82f191.html;http://www.ambroisie.info/pages/conn1.htm;http://www.tela-botanica.org/eflore/BDNFF/4.02/nn/4066/synthese
http://ontology.inrae.fr/bsv/html/Corpus/Vespa/html/Note_nationale_Ambroisie_cle82f191.html;http://www.ambroisie.info/pages/reconn.htm;http://www.cps-skew.ch/francais/inva;f.pdf;http://www.ambroisie.info/docs/ambrosia;fra.pdf
http://ontology.inrae.fr/bsv/html/Corpus/Vespa/html/Note_nationale_Ambroisie_cle82f191.html;http://www.sante.gouv.fr/l-ambroisie-plante-tres-allergisante-doit-etre-eliminee-avant-le-demarrage-de-sa-floraison.html
http://ontology.inrae.fr/bsv/html/Corpus/Vespa/html/Note_nationale_BSV_Ambroisie_2011_cle8ded6f-2.html;http://www.ambroisie.info/pages/conn1.htm;http://www.tela-botanica.org/eflore/BDNFF/4.02/nn/4066/synthese
http://ontology.inrae.fr/bsv/html/Corpus/Vespa/html/Note_nationale_BSV_Ambroisie_2011_cle8ded6f-2.html;http://www.ambroisie.info/pages/reconn.htm;http://www.cps-skew.ch/francais/inva;f.pdf;http://www.ambroisie.info/docs/ambrosia;fra.pdf
http://ontology.inrae.fr/bsv/html/Corpus/Vespa/html/Note_nationale_BSV_Ambroisie_2011_cle8ded6f-2.html;http://www.sante.gouv.fr/l-ambroisie-plante-tres-allergisante-doit-etre-eliminee-avant-le-demarrage-de-sa-floraison.html
http://ontology.inrae.fr/bsv/html/Corpus/Vespa/html/Note_nationale_BSV_Hannetons_et_vers_blancs_cle8bf378-1.html;http://www.reckenholz.ch/doc/fr/forsch/landbau/nutz/maik2.htmlhttp;http://;siegried.keller@fal.admin.ch-http://www.faunedefrance.org/bibliotheque/docs/R.PAULIAN(FdeFr38)Scarabeides1.pdf-http://aramel.free.fr/INSECTES11bisbisbis%27%27.shtml-http://www.kerbtier.de/Pages/Fotos/FotoLargeN/Scarabaeidae/Phyllopertha-horticola-n.jpg-http://www.kerbtier.de/Pages/Fotos/FotoLargeN/Scarabaeidae/Anoxia-villosa-m.jpg-http://www.google.fr/url?sa=t&rct=j&q=cl%C3%A9+d%27identification-des-col%C3%A9opt%C3%A8res-lucanides-et-scarabeides-de-vendee&source=web&cd=1&ved=0CCUQFjAA&url=http%3A%2F%2Fwww.naturalistes-vendeens.org%2Flenaturalisteven%2Fnv2-p61-cl-d-identification-des-col-opt-res-lucanides-et-scarab-ides-de-vend-e.pdf
http://ontology.inrae.fr/bsv/html/Corpus/Vespa/html/bsv_32_aout_2013_01_ambroisie_cle8311f4.html;http://www.ambroisie.info/pages/reconn.htm
http://ontology.inrae.fr/bsv/html/Corpus/Vespa/html/bsv_32_aout_2013_01_ambroisie_cle8311f4.html;http://www.ambroisie.info/pages/observatoire.htm
http://ontology.inrae.fr/bsv/html/Corpus/Vespa/html/bsv_40_zna__mai_2014_01_cle8af58a-1.html;http://draf.basse-normandie.agriculture.gouv.fr/Note-nationale-BSV-Xylella)
http://ontology.inrae.fr/bsv/html/Corpus/Vespa/html/bsv_grandescultures_20120306_4__cle49ab89.html;http://draaf.pays-de-la-loire.agriculture.gouv.fr/Notes-reglementaires
http://ontology.inrae.fr/bsv/html/Corpus/Vespa/html/bsv_grandescultures_20120306_4__cle49ab89.html;http://draaf.pays-de-la-loire.agriculture.gouv.fr/Grandes-Cultures,235).
http://ontology.inrae.fr/bsv/html/Corpus/Vespa/html/bsv_legumes_17.html;http://www.centre.chambagri.fr/developpement-agricole/bulletin-de-sante-du-vegetal/bsv-grandes-cultures.html
http://ontology.inrae.fr/bsv/html/Corpus/Vespa/html/bsv_maraichage_no55_du_20_septembre_2013_cle043712.html;http://draaf.paca.agriculture.gouv.fr/Bulletin-de-sante-du-vegetal-BSV
http://ontology.inrae.fr/bsv/html/Corpus/Vespa/html/bsvmaraichage_20130329_3_cle8d1bdc.html;http://cultures-legumieres.ecophytopic.fr/cultures-legumieres
